,Channel,Region,Fresh,Milk,Grocery,Frozen,Detergents_Paper,Delicatessen,x_kpca_rbf,y_kpca_rbf,x_kpca_poly,y_kpca_poly,x_kpca_cos,y_kpca_cos,cluster_kpca_rbf,cluster_kpca_cos
0,Retail,Other,12669,9656,7561,214,2674,1338,0.0528736785139061,-0.0957020283339388,0.0783737058955515,-0.1731146036428406,0.5047893015158404,0.0096223066473778,1,3
1,Retail,Other,7057,9810,9568,1762,3293,1776,0.1296461840164295,-0.1604581212978694,0.1858125464129079,-0.3074147140645969,0.8899412223120095,-0.2628329463279438,1,2
2,Retail,Other,6353,8808,7684,2405,3516,7844,0.2102053726966705,0.0484460464626565,0.3417015381326229,0.0750477517055762,0.4739940541267177,0.2356868332458666,1,2
3,HoReCa,Other,13265,1196,4221,6404,507,1788,-0.2162432260582773,0.1051649668310386,-0.2533035236583453,0.2503524263190757,-0.6186114271241641,0.3701305442802817,0,4
4,Retail,Other,22615,5410,7198,3915,1777,5185,-0.0116873742844954,0.2654316269575651,0.1366167136889872,0.3752792354602763,0.0688995379431255,0.8618293827365124,0,0
5,Retail,Other,9413,8259,5126,666,1795,1451,-0.0364662973611463,-0.1328454886814093,-0.0889533043384346,-0.2122647116921357,0.1029562952794654,-0.3304564801092653,2,3
6,Retail,Other,12126,3199,6975,480,3140,545,-0.0697155932203248,-0.1173262108288148,-0.1435304125938082,-0.1663058931990573,-0.092167962417776,-0.2898919276536126,2,1
7,Retail,Other,7579,4956,9426,1669,3321,2566,0.0437594438429186,-0.1466191388393938,0.0408969858378439,-0.2627155987279704,0.5540934639173399,-0.3475508620366145,1,3
8,HoReCa,Other,5963,3648,6192,425,1716,750,-0.0967501988690221,-0.2050602908981754,-0.2204840295429027,-0.3051577883697471,-0.1557890142344767,-0.6896927304727346,2,1
9,Retail,Other,6006,11093,18881,1159,7425,2098,0.4936685721899785,-0.1555560080111176,0.7089688368462717,-0.2911925018216328,1.1648509491774437,0.023746724906468,3,2
10,Retail,Other,3366,5403,12974,4400,5977,1744,0.210677809018827,-0.1696435955528314,0.3197406409241956,-0.3065245780476244,0.8649020932926696,-0.1928630625234259,1,2
11,Retail,Other,13146,1124,4523,1420,549,497,-0.2215069356965096,-0.043019810961086,-0.3554518255692505,0.0138748032485317,-0.6524416952788551,-0.10638673171861,2,4
12,Retail,Other,31714,12319,11757,287,3881,2931,0.2047987318660784,0.2930467306242146,0.3854465445073946,0.3357288366807352,0.5189256754099238,0.889184412916553,4,0
13,Retail,Other,21217,6208,14982,3095,6707,602,0.2249237128229277,0.0841269971533137,0.3895006007283215,0.059373813275348,0.745958790033325,0.6652437528164213,1,2
14,Retail,Other,24653,9465,12091,294,5058,2168,0.1961539516183535,0.1302305498706692,0.3555111665729347,0.1442177849516528,0.6716997036238871,0.760540081371423,1,0
15,HoReCa,Other,10253,1114,3821,397,964,412,-0.2060461349804701,-0.1161048658801886,-0.3543552000608613,-0.1102185939024886,-0.5245171920456182,-0.3477885584442487,2,1
16,Retail,Other,1020,8816,12121,134,4508,1080,0.2274828041034752,-0.28469273656532,0.3226356449874311,-0.4722189977111655,0.8519358136546636,-0.5460352667323776,1,3
17,HoReCa,Other,5876,6157,2933,839,370,4478,-0.0717642353763474,-0.0875503873566997,-0.0700024989623081,-0.090350472643119,-0.0332202932966468,-0.1149311364462003,2,1
18,Retail,Other,18601,6327,10099,2205,2767,3181,0.0399259044869728,0.0840268961984432,0.1165419191621635,0.1178531247600932,0.3876603752214004,0.8429922154646664,0,0
19,HoReCa,Other,7780,2495,9464,669,2518,501,-0.0448456718470473,-0.185195629604537,-0.1202275540690462,-0.2835482007710933,0.0447654364436742,-0.5527699503922409,2,3
20,Retail,Other,17546,4519,4602,1066,2259,2124,-0.1109540461935769,0.0334469748364044,-0.1469002107674543,0.0995711389693869,-0.3075208902858989,0.4431883052888923,0,4
21,HoReCa,Other,5567,871,2010,3383,375,569,-0.2435317728056084,-0.1131100670948575,-0.3995107138663485,-0.0926408201774204,-0.6188073618880083,-0.3876127760478737,2,1
22,HoReCa,Other,31276,1917,4469,9408,2381,4334,-0.0680514435314908,0.5381913850229696,0.2043599877320019,0.6356359259636718,-0.1560043348914216,1.005037085312468,4,0
23,Retail,Other,26373,36423,22019,5154,4337,16523,0.4514279462992264,0.4340437448097875,0.3902661572691502,0.2569496025734212,0.7065213342862832,0.6250312465235665,4,2
24,Retail,Other,22647,9776,13792,2915,4482,5778,0.2635648263851923,0.2284983286687025,0.4278165407333482,0.2247836866072267,0.6516647402081207,0.8093177360160559,4,0
25,Retail,Other,16165,4230,7595,201,4003,57,-0.0234008802908244,-0.0594955306577027,-0.0316351287340541,-0.0725509516099864,0.1145297412942821,0.0681269264664046,2,3
26,HoReCa,Other,9898,961,2861,3151,242,833,-0.249704766904573,-0.0486856167610059,-0.400140603627394,0.0085354146973485,-0.7423357127810757,-0.1765751160825626,2,1
27,HoReCa,Other,14276,803,3045,485,100,518,-0.2491491000458863,-0.0275134990205901,-0.3700525126455125,0.0539179192140346,-0.6391505057184971,-0.0743834727470311,2,4
28,Retail,Other,4113,20484,25957,1158,8604,5206,0.7542725293909497,0.0402031560090194,0.70162073686058,0.07310145750804,1.1249453280505732,0.2130374858337621,3,2
29,HoReCa,Other,43088,2100,2609,1200,1107,823,-0.1263847947937677,0.534606469758253,0.1826835473898086,0.6814840445911234,-0.2764926102240191,0.8502143237539174,4,0
30,HoReCa,Other,18815,3610,11107,1148,2134,2963,-0.0074070374136951,0.0672579870506521,0.0431192171267259,0.1174533592420144,0.1649308331734672,0.6234542505990083,0,0
31,HoReCa,Other,2612,4339,3133,2088,820,985,-0.1495495118412634,-0.1997347702174703,-0.2947866262456746,-0.2721066923785615,-0.3202832277448938,-0.6543615200910101,2,1
32,HoReCa,Other,21632,1318,2886,266,918,405,-0.2268519676811983,0.1012460246262357,-0.2515720524686856,0.2660610840718824,-0.5331976714561585,0.3096951135050877,0,4
33,HoReCa,Other,29729,4786,7326,6130,361,1083,-0.1282850581623546,0.399899097505344,0.0418235028907653,0.6263327105684741,-0.265712776349275,1.016017675868507,4,0
34,HoReCa,Other,1502,1979,2262,425,483,395,-0.1891955365156334,-0.2338404951337587,-0.3395076127492347,-0.2859829888576614,-0.3553345601724845,-0.6617378578423458,2,1
35,Retail,Other,688,5491,11091,833,4239,436,0.1256768007670741,-0.2926489592380956,0.1531854899869802,-0.4720462749746824,0.6000385488030902,-0.6994720898570784,1,3
36,HoReCa,Other,29955,4362,5428,1729,862,4626,-0.0749077844067781,0.3587250569986077,0.1157907833496666,0.5158516314924014,-0.1089655907629365,0.8729278267081,4,0
37,Retail,Other,15168,10556,12477,1920,6506,714,0.2779010566489664,-0.045145956281025,0.447446210400166,-0.150556075979412,1.0110854714933872,0.3545071689871444,1,2
38,Retail,Other,4591,15729,16709,33,6956,433,0.5088895400207494,-0.1799297296670464,0.693142222389734,-0.2710746455693033,1.0669990965728449,-0.0866897260511081,3,2
39,HoReCa,Other,56159,555,902,10002,212,2916,0.0011534773885985,0.8220882021752692,0.3812905631536118,0.5589487619332959,-0.2658160897709328,1.0520557688481054,4,0
40,HoReCa,Other,24025,4332,4757,9510,1145,5864,-0.0322399555483816,0.446174533842491,0.2115296314258816,0.5158501567286049,-0.0706633043811801,0.8768592401126599,4,0
41,HoReCa,Other,19176,3065,5956,2033,2575,2802,-0.0980204743505117,0.0963275703835872,-0.0923003554552327,0.1966869002686484,-0.2267615344055903,0.681270474537002,0,0
42,Retail,Other,10850,7555,14961,188,6899,46,0.2988971777641697,-0.1573763642604772,0.463001012264791,-0.292706531265456,0.9339095988837433,-0.0414959310347147,1,2
43,Retail,Other,630,11095,23998,787,9529,72,0.6333539368942155,-0.1807996435040964,0.7874656499758452,-0.2060123987575114,1.0782110305381694,-0.1264071613347104,3,2
44,Retail,Other,9670,7027,10471,541,4618,65,0.1182193918742674,-0.1763370985665654,0.1684614369656233,-0.3160674267550955,0.6993504189316265,-0.301402681390308,1,3
45,Retail,Other,5181,22044,21531,1740,7353,4985,0.6897964496445723,0.0359430263491804,0.6868279055313016,0.0530477972602481,1.0837711459780297,0.238812633814678,3,2
46,Retail,Other,3103,14069,21955,1668,6792,1452,0.5735478600785711,-0.1520391494761322,0.7630314684360957,-0.2376643694653713,1.1362540837239696,-0.0078443129381519,3,2
47,Retail,Other,44466,54259,55571,7782,24171,6465,0.4349453256302611,0.4415408749362423,0.3902727289147299,0.2579669885514347,1.0468195374740166,0.6355703661769262,4,2
48,Retail,Other,11519,6152,10868,584,5121,1476,0.1356187234987038,-0.1317694543457367,0.2065451553132783,-0.2600170566936906,0.8848206201740584,-0.066284116967615,1,2
49,Retail,Other,4967,21412,28921,1798,13583,1163,0.8621295544651941,0.0605727961283939,0.7289714387313008,0.1158823681764615,1.1659077580747397,0.1655320277455525,3,2
50,HoReCa,Other,6269,1095,1980,3860,609,2162,-0.2210588689287805,-0.0708096016947914,-0.3430795910530942,-0.0359733479161727,-0.5820706110905142,-0.2261973041128454,2,1
51,HoReCa,Other,3347,4051,6996,239,1538,301,-0.0720433736561099,-0.2487907956041574,-0.1808690502894261,-0.3679504169323371,-0.0287229449394195,-0.7430876992955523,2,1
52,Retail,Other,40721,3916,5876,532,2587,1278,-0.0521175285731656,0.4684989831224591,0.2038552173913676,0.6261716702573179,-0.0867495726641711,0.8909028791210406,4,0
53,Retail,Other,491,10473,11532,744,5611,224,0.2789470212329291,-0.2810192651862058,0.4039493331332732,-0.4491321359123348,0.8740988275952079,-0.4758487853096408,1,3
54,HoReCa,Other,27329,1449,1947,2436,204,1333,-0.2452630725767851,0.2860081111708119,-0.1626299229460019,0.5367169722978511,-0.5661236177888779,0.6849596429801804,0,4
55,HoReCa,Other,5264,3683,5005,1057,2024,1130,-0.1037128665697349,-0.1997366429537304,-0.2336587348187077,-0.2988588835089217,-0.2019424298597646,-0.7210255982115942,2,1
56,Retail,Other,4098,29892,26866,2616,17740,1340,0.839197782127188,0.2042963808710105,0.5426398038264185,0.232774215014968,1.1345482302711056,0.2008058468552765,3,2
57,Retail,Other,5417,9933,10487,38,7572,1282,0.3185422134618669,-0.2207131181215311,0.4746777128635694,-0.3834965416127779,0.9906745830480064,-0.241049736273137,1,2
58,HoReCa,Other,13779,1970,1648,596,227,436,-0.2501364703788845,-0.0351243708703212,-0.3782829305730568,0.0389655500053319,-0.6503694520222106,-0.1023503520359434,2,4
59,HoReCa,Other,6137,5360,8040,129,3084,1603,0.0189683718951049,-0.2124888649702137,-0.0220229337537929,-0.3573458414066494,0.3731213086902087,-0.6586893364667844,1,3
60,Retail,Other,8590,3045,7854,96,4095,225,-0.0115112333898755,-0.1927538496606905,-0.0598305198966563,-0.2986881440336672,0.1794932623136869,-0.5060044485503941,2,3
61,Retail,Other,35942,38369,59598,3254,26701,2017,0.510434508429316,0.4434218772621696,0.3929913970367595,0.2596203904566621,1.0963961681567715,0.5179666938410351,4,2
62,Retail,Other,7823,6245,6544,4154,4074,964,0.0090102239630968,-0.1133137786238184,-0.0096999481190709,-0.1962110688577537,0.3534299733656379,-0.3086495975566461,2,3
63,Retail,Other,9396,11601,15775,2896,7677,1295,0.4270871287557407,-0.1007127399532311,0.6401918706005623,-0.2409979989295627,1.1558068953920957,0.1786350492521055,1,2
64,HoReCa,Other,4760,1227,3250,3724,1247,1145,-0.1948994913015226,-0.1272040065495644,-0.3396877340483363,-0.1347791205181505,-0.5182627933852388,-0.432226661635537,2,1
65,Retail,Other,85,20959,45828,36,24231,1423,0.7539503554469698,0.310101387405539,0.4410358671167096,0.2616736195916992,1.148395738588308,0.1352469320900654,3,2
66,HoReCa,Other,9,1534,7417,175,3468,27,-0.0257408512864339,-0.297061742314875,-0.0932237408428895,-0.4130771376120028,0.1062588671903032,-0.7534036783570164,2,3
67,Retail,Other,19913,6759,13462,1256,5141,834,0.1625888075147995,0.0289136767797284,0.2924046416705136,0.000126874071893,0.7219711661891856,0.5778175984956199,1,2
68,HoReCa,Other,2446,7260,3993,5870,788,3095,-0.059720274344778,-0.0674909329470753,-0.0599707011697159,-0.0629219989364072,-0.0151727207401401,-0.0958264945212767,2,1
69,HoReCa,Other,8352,2820,1293,779,656,144,-0.2217294468127834,-0.1336712303111615,-0.3794441601753929,-0.1354681585972583,-0.5404623323910835,-0.4177517515871896,2,1
70,HoReCa,Other,16705,2037,3202,10643,116,1365,-0.1929747535756292,0.2927414674822361,-0.050606591322372,0.4810257519427724,-0.421447433656959,0.5814482961589553,0,4
71,HoReCa,Other,18291,1266,21042,5373,4173,14472,0.3614768718640648,0.3938445308299708,0.3992597551893951,0.2634750903712735,0.4284467783983808,0.5388427699211275,4,0
72,HoReCa,Other,4420,5139,2661,8872,1321,181,-0.1307165970681748,0.0071394196169905,-0.1113543513841286,0.0960735549759152,-0.2354513943970504,-0.0033438994733022,2,4
73,Retail,Other,19899,5332,8713,8132,764,648,-0.095810841896365,0.2452898771141959,0.0008987162689017,0.4094083190417787,-0.1884618283415244,0.8126110518976685,0,0
74,Retail,Other,8190,6343,9794,1285,1901,1780,0.015635017771267,-0.1495706831106974,-0.0107208200281698,-0.2624405643679481,0.4250958639726382,-0.4536534663942194,2,3
75,HoReCa,Other,20398,1137,3,4407,3,975,-0.2927946967282026,0.1966879682008658,-0.298801972844894,0.4165342524963787,-0.7545245986949449,0.4775779041384733,0,4
76,HoReCa,Other,717,3587,6532,7530,529,894,-0.1078183422764661,-0.0829836417891996,-0.1282246715305857,-0.0465470881069778,-0.1647623281565941,-0.2179663842773196,2,1
77,Retail,Other,12205,12697,28540,869,12034,1009,0.7513010200440415,0.0126066727070237,0.7923752448833198,0.0076415899235868,1.1206394962774138,0.2419467109294492,3,2
78,HoReCa,Other,10766,1175,2067,2096,301,167,-0.2574395111741396,-0.0620719370358333,-0.4098498165501624,-0.0068832712708616,-0.7004238678739123,-0.2178807568443946,2,1
79,HoReCa,Other,1640,3259,3655,868,1202,1653,-0.127959692704402,-0.2297405109441161,-0.2610406538069764,-0.3184717675598494,-0.2098209709759302,-0.6871863036900916,2,1
80,HoReCa,Other,7005,829,3009,430,610,529,-0.2168706693463673,-0.158190094480449,-0.3779155808867271,-0.1730841990779726,-0.5043193191568103,-0.48017273279404,2,1
81,Retail,Other,219,9540,14403,283,7818,156,0.3976279742424214,-0.2772839137719737,0.5725819154133495,-0.4145797417023824,0.9656659322700976,-0.3749778514272843,1,3
82,Retail,Other,10362,9232,11009,737,3537,2342,0.1556203390087921,-0.1193562313766871,0.2402263946635044,-0.2448420655760989,0.9380307119266688,0.0223117781529174,1,2
83,HoReCa,Other,20874,1563,1783,2320,550,772,-0.25765635832256,0.1398862532396066,-0.2961826933974488,0.3308141844880718,-0.6908481647038806,0.4260821525637061,0,4
84,Retail,Other,11867,3327,4814,1178,3837,120,-0.08603991357787,-0.1111709680109186,-0.1648772854952067,-0.1475219150071057,-0.1594503614157026,-0.2728549215358758,2,1
85,Retail,Other,16117,46197,92780,1026,40827,2944,0.37939781887327,0.4217476697144793,0.388336673683228,0.2562637349561334,1.1496273046754095,0.3385310835504959,4,2
86,Retail,Other,22925,73498,32114,987,20070,903,0.4049039217136688,0.4209787594450961,0.3884367447992928,0.2563393057786996,0.9724824531993264,0.3833676285205041,4,2
87,HoReCa,Other,43265,5025,8117,6312,1579,14351,0.2789329798705151,0.5687683065439956,0.3948303497119399,0.2825635724817167,0.1771470297673002,0.8374567839151442,4,0
88,HoReCa,Other,7864,542,4042,9735,165,46,-0.2014511206756205,0.1014060187765868,-0.1416351099577709,0.2473306821759166,-0.4201080075104552,0.1415906162685681,0,4
89,HoReCa,Other,24904,3836,5330,3443,454,3178,-0.1469561153386981,0.2756174663879384,-0.0538576201327918,0.477943845472091,-0.3295105011262149,0.9016782884608264,0,0
90,HoReCa,Other,11405,596,1638,3347,69,360,-0.2786526625861947,-0.0139044294299522,-0.4136609279751091,0.079137953027406,-0.7648710686059704,-0.0858534338884122,2,4
91,HoReCa,Other,12754,2762,2530,8693,627,1117,-0.2045926824044474,0.1561609175581227,-0.1736276102205257,0.3225087737341822,-0.4874605703811688,0.3928984954587656,0,4
92,Retail,Other,9198,27472,32034,3232,18906,5130,0.8333454214028616,0.2811143014915984,0.5108182391595896,0.2552528225022174,1.1548350904369966,0.340368204008251,3,2
93,HoReCa,Other,11314,3090,2062,35009,71,2698,0.2824341417452919,0.5047582272413761,0.3900350151310964,0.2639131765015499,-0.041399223011036,0.5324876653575953,4,0
94,Retail,Other,5626,12220,11323,206,5038,244,0.2720800867303913,-0.2167782967204373,0.4048812679722284,-0.3705245523594404,0.9028491020028356,-0.2678894435767469,1,2
95,HoReCa,Other,3,2920,6252,440,223,709,-0.1177795208903553,-0.2632076086518808,-0.2406006008985139,-0.3535239289116522,-0.1529424814170086,-0.7259523252920134,2,1
96,Retail,Other,23,2616,8118,145,3874,217,0.0168196490582883,-0.3038568881263294,-0.0288941034895175,-0.4430106441334651,0.2375636987341922,-0.7668978256775626,1,3
97,HoReCa,Other,403,254,610,774,54,63,-0.2329047651845156,-0.2200037043466415,-0.3641455518920079,-0.2287867466358154,-0.4384791894903251,-0.6101071903197052,2,1
98,HoReCa,Other,503,112,778,895,56,132,-0.2339612330142164,-0.2170458592512952,-0.3674269063091253,-0.2259608767153826,-0.4447429754030151,-0.6054946701786984,2,1
99,HoReCa,Other,9658,2182,1909,5639,215,323,-0.247630152203776,0.0080207044328449,-0.344982542621967,0.1079856453539184,-0.6720002351437817,-0.0122783770948643,0,4
100,Retail,Other,11594,7779,12144,3252,8035,3029,0.3096213680984105,-0.0435806572389294,0.4811708315362787,-0.1490536429134609,1.0212350486524615,0.3420047572090174,1,2
101,Retail,Other,1420,10810,16267,1593,6766,1838,0.4274073795582794,-0.2224780326197224,0.6231583558865987,-0.3777794219427701,1.1107038954484227,-0.1990924706560793,1,2
102,Retail,Other,2932,6459,7677,2561,4573,1386,0.0826856433382288,-0.2222409111386709,0.0890065892292744,-0.3847938536319638,0.6231288952200019,-0.6441470321122066,1,3
103,HoReCa,Other,56082,3504,8906,18028,1480,2498,0.1565782202441257,0.8031950337830323,0.4084907056239103,0.396070067382626,-0.0557964397201105,1.0789826233293731,4,0
104,HoReCa,Other,14100,2132,3445,1336,1491,548,-0.2003629111033985,-0.036189503403974,-0.3249884778073256,0.0174604084861221,-0.6290412356346767,-0.0566967193189362,2,4
105,HoReCa,Other,15587,1014,3970,910,139,1378,-0.2322528875227961,0.0113219158281072,-0.3355261292554219,0.1088106263190948,-0.6500958512772907,0.0909704299069044,0,4
106,Retail,Other,1454,6337,10704,133,6830,1831,0.2467891918992699,-0.273317350321381,0.3559703986970575,-0.4454110428548866,0.8500377029836909,-0.4713498439595621,1,3
107,Retail,Other,8797,10646,14886,2471,8969,1438,0.4448187308810751,-0.1162643295030707,0.656957606131546,-0.2530671506188995,1.1328766118030589,0.1254825523478922,1,2
108,Retail,Other,1531,8397,6981,247,2505,1236,0.0537621024341716,-0.2665473704773534,0.0325459629134981,-0.425732394966445,0.4199245156610687,-0.6923183687253207,1,3
109,Retail,Other,1406,16729,28986,673,836,3,0.504414063618313,-0.0840493687161524,0.5670440133693172,-0.0217642972160023,0.8466076744483276,-0.0329378435857666,3,2
110,HoReCa,Other,11818,1648,1694,2276,169,1647,-0.2506369133641355,-0.019802562050103,-0.3856418282991105,0.0533820870217474,-0.7471941380562043,-0.0523690051148902,2,4
111,Retail,Other,12579,11114,17569,805,6457,1519,0.4075813766569819,-0.0860270504235138,0.61497128535163,-0.2154250151171675,1.1266111371117142,0.2332482770827161,1,2
112,HoReCa,Other,19046,2770,2469,8853,483,2708,-0.1877394602049745,0.3030277920803271,-0.0658696226125341,0.5015456168575971,-0.4273205034288174,0.7242482326350227,0,0
113,HoReCa,Other,14438,2295,1733,3220,585,1561,-0.2421210188531183,0.042591397967248,-0.348911835794873,0.1564768840853579,-0.7945223177263411,0.1998376969486066,0,4
114,HoReCa,Other,18044,1080,2000,2555,118,1266,-0.2678732095799688,0.1001681504845089,-0.3411472876164222,0.2651940618756572,-0.7609371665114109,0.3218048939116358,0,4
115,HoReCa,Other,11134,793,2988,2715,276,610,-0.2529665448871017,-0.0401167668845973,-0.4010285754637828,0.0256201598903782,-0.7446736549222279,-0.1425020654685167,2,1
116,HoReCa,Other,11173,2521,3355,1517,310,222,-0.2226554816507396,-0.0764963456297631,-0.3728441164416736,-0.0453314027798646,-0.6432933308950816,-0.2430237116066708,2,1
117,HoReCa,Other,6990,3880,5380,1647,319,1160,-0.1539050524791378,-0.1443901526044851,-0.2976324734428258,-0.1925040954186266,-0.4455800242829276,-0.5152476244213479,2,1
118,HoReCa,Other,20049,1891,2362,5343,411,933,-0.2514490006307345,0.1992246421210071,-0.2559813286399121,0.413592240294695,-0.6971472467333839,0.5924811188205428,0,4
119,HoReCa,Other,8258,2344,2147,3896,266,635,-0.2382797547231268,-0.0619318232821248,-0.3848570462579951,-0.0170458200572824,-0.6973197868558397,-0.2287408143446553,2,1
120,HoReCa,Other,17160,1200,3412,2417,174,1136,-0.2493715842704665,0.071366443042211,-0.3382159568239349,0.2135576182307942,-0.7517771197964335,0.2784161754866312,0,4
121,HoReCa,Other,4020,3234,1498,2395,264,255,-0.2138172427676867,-0.1640909180505692,-0.3725792335888265,-0.1856308981924432,-0.5004713871574354,-0.5266646762265582,2,1
122,HoReCa,Other,12212,201,245,1991,25,860,-0.2920182234685899,-0.0160833347300649,-0.4243548389161239,0.0787740927148513,-0.7554520510958851,-0.09267804919766,2,4
123,Retail,Other,11170,10769,8814,2194,1976,143,0.0564579047570668,-0.0895018043670563,0.0905444361469322,-0.1608983131166892,0.4593130169470626,0.0058752315085948,1,3
124,HoReCa,Other,36050,1642,2961,4787,500,1621,-0.1845628932857459,0.5070191477599811,0.0683310123145833,0.7353255086402098,-0.3941619148470352,0.9411586573550248,4,0
125,HoReCa,Other,76237,3473,7102,16538,778,918,0.2260704099784062,0.7732284267090644,0.4068230009577626,0.3174255981544435,-0.0984348279280449,1.0934505656951086,4,0
126,HoReCa,Other,19219,1840,1658,8195,349,483,-0.2442222450626351,0.258980948584765,-0.168820619449675,0.4750716088009591,-0.5803246006671853,0.5714711329502028,0,4
127,Retail,Other,21465,7243,10685,880,2386,2749,0.0499270787591242,0.1069772811605294,0.1450513054702255,0.1589749878026462,0.3682469583780527,0.7896823044663956,0,0
128,HoReCa,Other,140,8847,3823,142,1062,3,-0.0338306720231993,-0.2678394706343453,-0.0901617949655837,-0.3645627782042595,0.094249873072999,-0.6576480425920517,2,3
129,HoReCa,Other,42312,926,1510,1718,410,1819,-0.1553662196808634,0.5523462486611446,0.1652117735472866,0.7019507615988392,-0.3444181385930854,0.8609681703287702,4,0
130,HoReCa,Other,7149,2428,699,6316,395,911,-0.2384409350211158,-0.0041765693770763,-0.3181928187011849,0.0879120828346947,-0.5974332488235781,-0.0593631645541838,2,4
131,HoReCa,Other,2101,589,314,346,70,310,-0.2381529129100908,-0.2058793162490205,-0.3790241248745067,-0.2158708218497766,-0.4635785010345355,-0.5787137976395582,2,1
132,HoReCa,Other,14903,2032,2479,576,955,328,-0.2245544840944989,-0.0277500668684563,-0.3417193943007154,0.0454706096543443,-0.602138661056144,-0.0499411920208791,2,4
133,HoReCa,Other,9434,1042,1235,436,256,396,-0.252915847229952,-0.1089468037104452,-0.4060073391274111,-0.0804023943253725,-0.6026583826788329,-0.339017692885771,2,1
134,HoReCa,Other,7388,1882,2174,720,47,537,-0.2317723641923894,-0.1409128159196986,-0.3963433707492266,-0.1446257596988296,-0.5606181849094809,-0.4407051920326436,2,1
135,HoReCa,Other,6300,1289,2591,1170,199,326,-0.2303398681292132,-0.1529564166054959,-0.3973277426183895,-0.162179988111745,-0.5495345274104398,-0.4815972133534387,2,1
136,HoReCa,Other,4625,8579,7030,4575,2447,1542,0.0259621054175915,-0.1288970989257548,0.021893285183876,-0.2159418420701765,0.3741944617519522,-0.2856755098802173,2,3
137,HoReCa,Other,3087,8080,8282,661,721,36,-0.0061993991004568,-0.2367435759723469,-0.0535851557226457,-0.3549901624963497,0.1925897487710514,-0.6077837322404097,2,3
138,HoReCa,Other,13537,4257,5034,155,249,3271,-0.1270141405332343,-0.0151945870133371,-0.1655363597796507,0.023426381250421,-0.2504550973156521,0.1238353105166327,2,4
139,HoReCa,Other,5387,4979,3343,825,637,929,-0.1474129484665285,-0.1846504748870701,-0.290509907773114,-0.2537742241842662,-0.3261147138942428,-0.5968350946932292,2,1
140,HoReCa,Other,17623,4280,7305,2279,960,2616,-0.1081588547861677,0.0771457631879224,-0.1217780309821255,0.1656980331783356,-0.3123403321213218,0.6598433811338884,0,0
141,HoReCa,Other,30379,13252,5189,321,51,1450,0.0025600922844106,0.2918447484906808,0.1855100123851976,0.4062312882445625,0.0822644423457018,0.7478100019184146,4,0
142,HoReCa,Other,37036,7152,8253,2995,20,3,-0.0690397456513295,0.44901148658369,0.1675158288583941,0.619805355010961,-0.1170838405711983,0.9194240321215172,4,0
143,HoReCa,Other,10405,1596,1096,8425,399,318,-0.2405309921351824,0.1076498297692538,-0.2282951952676473,0.2630504415821842,-0.5512430953970942,0.1882623661400525,0,4
144,HoReCa,Other,18827,3677,1988,118,516,201,-0.2181630329551311,0.0423781939048816,-0.2776535426398609,0.1640173097488729,-0.5274023981279824,0.1708198170267593,0,4
145,Retail,Other,22039,8384,34792,42,12591,4430,0.7117027383037544,0.1938787887174539,0.5947264081346474,0.1739691187312572,1.0061412291842275,0.4679103827562514,3,2
146,HoReCa,Other,7769,1936,2177,926,73,520,-0.2337139017403845,-0.1320868959831337,-0.399132483114763,-0.1311447630091997,-0.5816546601821159,-0.420317261824973,2,1
147,HoReCa,Other,9203,3373,2707,1286,1082,526,-0.1909334122310199,-0.120718284882894,-0.3467442842458107,-0.1348630593673183,-0.5551952561024334,-0.4090612396755347,2,1
148,HoReCa,Other,5924,584,542,4052,283,434,-0.2671716127488669,-0.0827338280464773,-0.4047396308047312,-0.0310792891922341,-0.6515588861577454,-0.3033717097682265,2,1
149,HoReCa,Other,31812,1433,1651,800,113,1440,-0.221050205983167,0.3436132372550304,-0.057836848992965,0.584411016109578,-0.4568291325623937,0.6874226156417557,0,4
150,HoReCa,Other,16225,1825,1765,853,170,1067,-0.2524748229185167,0.0236941759362597,-0.3546433394214769,0.1363881696078154,-0.6826989462934026,0.0968247807885946,0,4
151,HoReCa,Other,1289,3328,2022,531,255,1774,-0.1661412118669366,-0.2184063069537643,-0.2987011536541508,-0.2764353609553241,-0.2983612222081766,-0.6123160418221648,2,1
152,HoReCa,Other,18840,1371,3135,3001,352,184,-0.2549616360002514,0.1053161209545886,-0.3178863673926576,0.2740457942617448,-0.7130002608573718,0.3351669128548731,0,4
153,HoReCa,Other,3463,9250,2368,779,302,1627,-0.0740821518911388,-0.1858346739337124,-0.136753592075382,-0.2549738860650583,-0.0253036403454228,-0.4570485160820829,2,1
154,HoReCa,Other,622,55,137,75,7,8,-0.2355267878937699,-0.2227235302391703,-0.3561379057955518,-0.2243590797286052,-0.4326545182258484,-0.6052285187176739,2,1
155,Retail,Other,1989,10690,19460,233,11577,2153,0.6394889877457909,-0.1629519453559158,0.7953616515078533,-0.2029307755930964,1.1168132100034918,-0.065455976533891,3,2
156,Retail,Other,3830,5291,14855,317,6694,3182,0.3078900379820989,-0.2054038437394952,0.4536909063417894,-0.3406775411225529,0.9241181923173328,-0.193723363606322,1,2
157,HoReCa,Other,17773,1366,2474,3378,811,418,-0.2525200954393754,0.0930118665387479,-0.3282392887694635,0.2521208905947925,-0.7434035398348675,0.3187465706689175,0,4
158,Retail,Other,2861,6570,9618,930,4004,1682,0.1126134958026372,-0.2493853527708035,0.1343239288425573,-0.4319449574513764,0.7024510691760878,-0.6553976083360121,1,3
159,Retail,Other,355,7704,14682,398,8077,303,0.3788583554997641,-0.2784564843300868,0.5496668663183779,-0.4181542000132607,0.9403612623530492,-0.3856310799528032,1,3
160,Retail,Other,1725,3651,12822,824,4424,2157,0.1476346968697166,-0.253334787384854,0.1994084532119076,-0.4123420028899089,0.6645231945565452,-0.5166508387141818,1,3
161,HoReCa,Other,12434,540,283,1092,3,2233,-0.2657951166363093,-0.0100184942468878,-0.3684526872469839,0.0772096473639064,-0.6581413302534364,-0.0361358820661722,2,4
162,HoReCa,Other,15177,2024,3810,2665,232,610,-0.2367457529698802,0.0270014450184869,-0.3504243069439398,0.1344271369051962,-0.7645751534462202,0.143254860616035,0,4
163,Retail,Other,5531,15726,26870,2367,13726,446,0.8066400038840515,-0.0048328371235609,0.7894216944204885,0.0295206443490033,1.1388115485652066,0.1323853245681055,3,2
164,Retail,Other,5224,7603,8584,2540,3674,238,0.0669825546428412,-0.1994488646702345,0.0689931821850392,-0.3470256913445823,0.5650524447037402,-0.5729601728157917,1,3
165,Retail,Other,15615,12653,19858,4425,7108,2379,0.4804510142307674,0.0619749770695281,0.6729730253882951,-0.0278749393878969,1.091875130905266,0.558444900523986,3,2
166,Retail,Other,4822,6721,9170,993,4973,3637,0.1647728001000732,-0.1756790880242723,0.2408931093481006,-0.3041651996597495,0.7468257192290534,-0.2147159080487936,1,3
167,HoReCa,Other,2926,3195,3268,405,1680,693,-0.1343241959970695,-0.2362191809071611,-0.2776570476752983,-0.3267866830786445,-0.2321299735056046,-0.7136260465230616,2,1
168,HoReCa,Other,5809,735,803,1393,79,429,-0.2580795898506178,-0.14237762458042,-0.420157571955942,-0.1317391897218722,-0.5933602969486715,-0.4486858678876735,2,1
169,HoReCa,Other,5414,717,2155,2399,69,750,-0.2455139978329424,-0.1320381546096477,-0.4097722021297643,-0.1243456329277616,-0.6058119883148256,-0.4348359117001203,2,1
170,Retail,Other,260,8675,13430,1116,7015,323,0.3320186443786559,-0.2782234927362602,0.4872324052395748,-0.4421929823063667,0.937113642710604,-0.4237534680949782,1,3
171,Retail,Other,200,25862,19816,651,8773,6250,0.7167954260144817,0.0753240525739879,0.5923992699013434,0.1413922058211056,1.045856945782659,0.1564779994016739,3,2
172,HoReCa,Other,955,5479,6536,333,2840,707,-0.0003082343720727,-0.2849428328158385,-0.0670605438040209,-0.4412158744111218,0.2287608517176684,-0.8132785112588339,2,3
173,Retail,Other,514,7677,19805,937,9836,716,0.5303875640612614,-0.2222449249860823,0.719096397995156,-0.2988829811507356,1.0334703102044016,-0.2015538996084374,3,2
174,HoReCa,Other,286,1208,5241,2515,153,1442,-0.1642011451667231,-0.2044126513069103,-0.2943706794120719,-0.2520141265618345,-0.3173710001339773,-0.5990677786968774,2,1
175,Retail,Other,2343,7845,11874,52,4196,1697,0.1947959057472888,-0.264968417592597,0.2723417023751189,-0.4521558669606516,0.839493122778924,-0.5293644010361324,1,3
176,HoReCa,Other,45640,6958,6536,7368,1532,230,-0.0122240698553554,0.6653760494521537,0.3102135041673325,0.6763598296580616,-0.0887903506126117,1.059112767282737,4,0
177,HoReCa,Other,12759,7330,4533,1752,20,2631,-0.1111027020735309,-0.0095766837232728,-0.1527981096632401,0.016700804425632,-0.2532668779704941,0.1892885154456858,2,4
178,HoReCa,Other,11002,7075,4945,1152,120,395,-0.1281500019295185,-0.0920472213410319,-0.2219526716786722,-0.1077535319588196,-0.31031924120271,-0.2153096173371462,2,1
179,HoReCa,Other,3157,4888,2500,4477,273,2165,-0.1560402723786932,-0.1073170048374069,-0.2482962553747811,-0.111976764018853,-0.3471762952873325,-0.3125553455337879,2,1
180,HoReCa,Other,12356,6036,8887,402,1382,2794,-0.0135288772042855,-0.0662743726960577,-0.0218881346898324,-0.1039878705033226,0.1968677036766447,0.0847987300315938,2,3
181,HoReCa,Other,112151,29627,18148,16745,4948,8550,0.3676451124685798,0.4695558595614196,0.3883146155637447,0.2563015650100966,0.3152045436812065,1.143980401689355,4,0
182,HoReCa,Other,694,8533,10518,443,6907,156,0.2707932661618256,-0.2893846721391546,0.3915930928740391,-0.4528884260766423,0.831182488280943,-0.4993679575773541,1,3
183,HoReCa,Other,36847,43950,20170,36534,239,47943,0.3635000239512352,0.4086569129817561,0.3881998035138975,0.2561385684770067,0.4167311489295662,0.6588168363489146,4,0
184,HoReCa,Other,327,918,4710,74,334,11,-0.1650996911223405,-0.2572735608146541,-0.2940053286966307,-0.3104933872602797,-0.2718517589101312,-0.686296765763993,2,1
185,HoReCa,Other,8170,6448,1139,2181,58,247,-0.1894892680667891,-0.1038262303575777,-0.3132298874445186,-0.1034810852681435,-0.4720819097691626,-0.3129067705932399,2,1
186,HoReCa,Other,3009,521,854,3470,949,727,-0.2331871861451089,-0.1447959267265735,-0.3772729060775655,-0.1369834209203619,-0.5315603461492007,-0.4634337143399055,2,1
187,HoReCa,Other,2438,8002,9819,6269,3459,3,0.0908143780883392,-0.1389252400027402,0.1387758240803869,-0.2077692875739371,0.4510053655644425,-0.2249869739962756,1,3
188,Retail,Other,8040,7639,11687,2758,6839,404,0.2354531974355364,-0.1578962786047644,0.3673561639173329,-0.3094173373507576,0.9625526445008296,-0.1046044103947401,1,2
189,Retail,Other,834,11577,11522,275,4027,1856,0.2625290259484928,-0.2564594253622336,0.3770436590752796,-0.4185381093110784,0.8890651223597426,-0.4080620337312876,1,3
190,HoReCa,Other,16936,6250,1981,7332,118,64,-0.1949278048732708,0.1827071294425224,-0.1561595470235087,0.3535481923594881,-0.4709306999770348,0.5091314064620935,0,4
191,HoReCa,Other,13624,295,1381,890,43,84,-0.2779698978024317,-0.0259995763350826,-0.3988728143339677,0.0662309584674065,-0.6786307136761253,-0.1090445406133314,2,4
192,HoReCa,Other,5509,1461,2251,547,187,409,-0.2239660833948481,-0.1734345910241121,-0.3873001394851868,-0.193182988641789,-0.4994055582945397,-0.5229350079881545,2,1
193,Retail,Other,180,3485,20292,959,5618,666,0.319150491684917,-0.2540366728203507,0.4618749665084131,-0.3536692578954008,0.796853643409999,-0.3468597933351009,1,3
194,HoReCa,Other,7107,1012,2974,806,355,1142,-0.2201032840162486,-0.14134859788744,-0.3821057367307255,-0.1512020748364305,-0.543963878324704,-0.4407065175644155,2,1
195,HoReCa,Other,17023,5139,5230,7888,330,1755,-0.1492427073059865,0.2123853237283555,-0.0920575847087137,0.3844595108821904,-0.3678536931275425,0.7252004611811521,0,0
196,HoReCa,Lisbon,30624,7209,4897,18711,763,2876,0.0674108928896255,0.6497674610215589,0.3623503858158113,0.4739395532648167,-0.0545299796237478,0.8890435523339489,4,0
197,Retail,Lisbon,2427,7097,10391,1127,4314,1468,0.1465979361582094,-0.2553182076916506,0.1927048799451483,-0.4451111012762356,0.7896697995948211,-0.6198985665561716,1,3
198,HoReCa,Lisbon,11686,2154,6824,3527,592,697,-0.1774731210508442,-0.0304773327645412,-0.2911484181274306,0.0133938876011799,-0.6570585793602716,-0.026543350787018,2,4
199,HoReCa,Lisbon,9670,2280,2112,520,402,347,-0.2267816058740246,-0.1146659140177024,-0.3825170693563434,-0.1032165779379212,-0.5709611760597477,-0.3553995446716466,2,1
200,Retail,Lisbon,3067,13240,23127,3941,9959,731,0.6560647942148065,-0.0981995416792243,0.8048675789894459,-0.1416709838022662,1.1243899280392244,0.0676662030866321,3,2
201,Retail,Lisbon,4484,14399,24708,3549,14235,1681,0.7902020014329165,-0.0054652749528087,0.7933232157910505,0.0156362473453972,1.1428327809286285,0.1543941542202256,3,2
202,HoReCa,Lisbon,25203,11487,9490,5065,284,6854,0.131174252883865,0.3783724475550895,0.3334078602460834,0.3837545277653358,0.2763648341115682,0.8531833378937859,4,0
203,HoReCa,Lisbon,583,685,2216,469,954,18,-0.1896038802752823,-0.2447249591490156,-0.3276589866468182,-0.2862859796563111,-0.3390089662318434,-0.6694526312313409,2,1
204,HoReCa,Lisbon,1956,891,5226,1383,5,1328,-0.176702162076795,-0.2042948774782738,-0.3192151955722065,-0.2532410824364381,-0.3556162868163072,-0.5964675471590706,2,1
205,Retail,Lisbon,1107,11711,23596,955,9265,710,0.6368037832465031,-0.1748938829179551,0.8036887181868518,-0.2185932856035273,1.1128785402030446,-0.0941205243090154,3,2
206,HoReCa,Lisbon,6373,780,950,878,288,285,-0.2508171616002276,-0.1478462032982209,-0.4112585573437756,-0.1410578293190265,-0.568121818358183,-0.4553509207811657,2,1
207,Retail,Lisbon,2541,4737,6089,2946,5316,120,0.0393165305160833,-0.2289465448161252,0.023148151430315,-0.3560255056172212,0.337434167358888,-0.5994123402658549,1,3
208,HoReCa,Lisbon,1537,3748,5838,1859,3381,806,-0.0353202763447021,-0.2514928937553569,-0.1217465193914658,-0.3868296031328018,0.0993661329906962,-0.7978317747787167,2,3
209,Retail,Lisbon,5550,12729,16767,864,12420,797,0.6287061557789341,-0.126906076888853,0.7807516033216425,-0.1677634274327281,1.0912672020760856,0.00998699854804,3,2
210,HoReCa,Lisbon,18567,1895,1393,1801,244,2100,-0.2474080202503048,0.1061756935925826,-0.2984211934513089,0.2643860371579369,-0.6723250657573946,0.3660570173177289,0,4
211,Retail,Lisbon,12119,28326,39694,4736,19410,2870,0.8134590296018909,0.3231521105120279,0.4825972791337717,0.2648276994777209,1.1532353989880133,0.369233789969751,3,2
212,HoReCa,Lisbon,7291,1012,2062,1291,240,1775,-0.2303093265100138,-0.1144994092828588,-0.3817971574398352,-0.1060297117621688,-0.579675994885128,-0.3550537466547168,2,1
213,HoReCa,Lisbon,3317,6602,6861,1329,3961,1215,0.0513155286087,-0.2400963392589539,0.0282668394873886,-0.4069530932577925,0.4902053601356037,-0.7425799292589751,1,3
214,Retail,Lisbon,2362,6551,11364,913,5957,791,0.2101469340233749,-0.2690718793847614,0.3018172791715156,-0.4570284996591731,0.8383233378532866,-0.5298286645421152,1,3
215,HoReCa,Lisbon,2806,10765,15538,1374,5828,2388,0.3816848851152033,-0.2055420743741768,0.5637770712241386,-0.3665393497305287,1.1064190909578606,-0.1619321010840461,1,2
216,Retail,Lisbon,2532,16599,36486,179,13308,674,0.8561084992483575,0.0522282761330387,0.6823226381255021,0.134317043389828,1.1390239408813911,0.0845707423239203,3,2
217,HoReCa,Lisbon,18044,1475,2046,2532,130,1158,-0.2638580980506605,0.096664418585468,-0.3398744420261586,0.2589104696457049,-0.7611033417644154,0.3229265974243891,0,4
218,Retail,Lisbon,18,7504,15205,1285,4797,6372,0.3394978092684614,-0.1088280781904609,0.4555484000265644,-0.1154231340586127,0.7544789819835666,-0.0235275398458112,1,2
219,HoReCa,Lisbon,4155,367,1390,2306,86,130,-0.2534755685540704,-0.1514832937593128,-0.4088252220131948,-0.1416541214072335,-0.5687787150694906,-0.4771726389665566,2,1
220,HoReCa,Lisbon,14755,899,1382,1765,56,749,-0.2767425037014059,0.0159584144702883,-0.3960614453080252,0.1292524783109776,-0.7545718019342871,0.0327324463950045,0,4
221,HoReCa,Lisbon,5396,7503,10646,91,4167,239,0.13497633118692,-0.2437190437890957,0.179458697420493,-0.4166085424586754,0.6946544564301756,-0.5369351169322311,1,3
222,HoReCa,Lisbon,5041,1115,2856,7496,256,375,-0.219167160885796,-0.0095028402227905,-0.2595294414928263,0.0886913459225209,-0.4859959657148856,-0.0921892848072052,2,1
223,Retail,Lisbon,2790,2527,5265,5612,788,1360,-0.1488309234796531,-0.1071768262437367,-0.2383664414396784,-0.1026688547044478,-0.3317315239880591,-0.3224891905099117,2,1
224,HoReCa,Lisbon,7274,659,1499,784,70,659,-0.2520951206594768,-0.1324288042017965,-0.4134148462125059,-0.1200357657066926,-0.5923610281414085,-0.4125901257632007,2,1
225,HoReCa,Lisbon,12680,3243,4157,660,761,786,-0.1849013878566026,-0.0705603098230777,-0.3153234149337612,-0.0494438346413866,-0.5605334727136599,-0.1784115777621281,2,1
226,Retail,Lisbon,20782,5921,9212,1759,2568,1553,-0.0176641616339517,0.0891589670460448,0.0263125798790989,0.1585809299529841,0.1329273441343161,0.8571781391372225,0,0
227,HoReCa,Lisbon,4042,2204,1563,2286,263,689,-0.2240959869021971,-0.160093849828223,-0.388870994562023,-0.1774986431592578,-0.5354552008010547,-0.5179441841464487,2,1
228,HoReCa,Lisbon,1869,577,572,950,4762,203,-0.1082669439187322,-0.2350512714863668,-0.1875473219578184,-0.2809367591673476,-0.1305592409822231,-0.5950191424120793,2,1
229,HoReCa,Lisbon,8656,2746,2501,6845,694,980,-0.2093640460527925,0.0253016544341549,-0.2712975419765197,0.126211556306817,-0.5514546450562792,0.0710000613811494,0,4
230,Retail,Lisbon,11072,5989,5615,8321,955,2137,-0.0952879895370616,0.1152778420840638,-0.0526302942414028,0.2224509784153892,-0.1768363718731832,0.4733125592431224,0,0
231,HoReCa,Lisbon,2344,10678,3828,1439,1566,490,0.0004315997442411,-0.216429102476012,-0.027734641124454,-0.3157789262453547,0.2044498348295921,-0.5163374815235818,2,3
232,HoReCa,Lisbon,25962,1780,3838,638,284,834,-0.2172463519813715,0.2051650387218448,-0.1697426431881702,0.419913833906008,-0.4846921608987144,0.5482666357857148,0,4
233,HoReCa,Lisbon,964,4984,3316,937,409,7,-0.1372071925425612,-0.244615444962953,-0.2656646833330079,-0.3221433667152868,-0.2145685345272838,-0.6918409452999182,2,1
234,HoReCa,Lisbon,15603,2703,3833,4260,325,2563,-0.2022660169548385,0.1041055398197394,-0.2475343384875981,0.2396208200758695,-0.6453219304917316,0.4910920938924908,0,4
235,HoReCa,Lisbon,1838,6380,2824,1218,1216,295,-0.1047977799214129,-0.2350809256751518,-0.2197841229042634,-0.3286661864263623,-0.1292727960079754,-0.6864091903181624,2,1
236,HoReCa,Lisbon,8635,820,3047,2312,415,225,-0.2411834839527406,-0.0971914889592465,-0.4016818557092002,-0.0703531144875461,-0.6499483625951311,-0.3305803694247074,2,1
237,HoReCa,Lisbon,18692,3838,593,4634,28,1215,-0.2535214961550784,0.16468705383714,-0.2796832469653379,0.3564207338802707,-0.7201730603772531,0.5185874330461433,0,4
238,HoReCa,Lisbon,7363,475,585,1112,72,216,-0.2682207184972375,-0.1232135019051185,-0.4239632649068007,-0.0959961882911943,-0.6168923602685787,-0.3924343569117411,2,1
239,HoReCa,Lisbon,47493,2567,3779,5243,828,2253,-0.0748999362400018,0.6917984917141017,0.2857571608953524,0.7247260329217595,-0.2276389908919565,1.03722931284182,4,0
240,HoReCa,Lisbon,22096,3575,7041,11422,343,2564,-0.0965565620969524,0.4139073234701744,0.1183127783194574,0.5631274838825193,-0.1976470928858397,0.8477095787685672,4,0
241,HoReCa,Lisbon,24929,1801,2475,2216,412,1047,-0.2407268040411957,0.2232847632888389,-0.2094167569584416,0.4534930908895602,-0.5898035570727483,0.6153098951874885,0,4
242,HoReCa,Lisbon,18226,659,2914,3752,586,578,-0.2598053949756528,0.1159914773805833,-0.322083803129036,0.2907315942700843,-0.7459744003815222,0.367714769604116,0,4
243,HoReCa,Lisbon,11210,3576,5119,561,1682,2398,-0.1139179570282752,-0.085915924683853,-0.2022604787021673,-0.1049039186874049,-0.2845084877410685,-0.1624451654030723,2,1
244,HoReCa,Lisbon,6202,7775,10817,1183,3143,1970,0.116049824530658,-0.1868720922789444,0.1552159436674894,-0.3456917103759868,0.8385841247557092,-0.4176666909765467,1,3
245,Retail,Lisbon,3062,6154,13916,230,8933,2784,0.385721106508685,-0.2134956111397579,0.5547240543368978,-0.3343174832850532,0.9707709367600966,-0.1887147657624041,1,2
246,HoReCa,Lisbon,8885,2428,1777,1777,430,610,-0.2333844230607967,-0.1011480174568274,-0.3980661456347269,-0.0857240157589316,-0.6531311468261456,-0.3442111268029003,2,1
247,HoReCa,Lisbon,13569,346,489,2077,44,659,-0.2921293097538496,0.0058728843010307,-0.4156248975924333,0.1162752089809869,-0.7656861347274511,-0.0259272204758772,0,4
248,HoReCa,Lisbon,15671,5279,2406,559,562,572,-0.1879624593294774,-0.0117939067550948,-0.2780181716597751,0.0547167525204733,-0.5078678605800042,0.0578736540930679,2,4
249,HoReCa,Lisbon,8040,3795,2070,6340,918,291,-0.1996792072574268,-0.0105056018616562,-0.2759581816272658,0.066166792168064,-0.5182810145462845,-0.0383582616784856,2,4
250,HoReCa,Lisbon,3191,1993,1799,1730,234,710,-0.217239792454036,-0.1827404586729969,-0.3813460649723931,-0.2123696523667922,-0.4879973032344807,-0.567902275859826,2,1
251,Retail,Lisbon,6134,23133,33586,6746,18594,5121,0.830006394468337,0.2682374771913139,0.5198331683050441,0.2479707828109153,1.137994708359249,0.3465214480089537,3,2
252,HoReCa,Lisbon,6623,1860,4740,7683,205,1693,-0.1820553439102337,0.0291071344347929,-0.2050585432769165,0.128542634165234,-0.4194826384238014,0.078550463731097,0,4
253,HoReCa,Lisbon,29526,7961,16966,432,363,1391,0.0965055102898673,0.2514661871783413,0.2675738247659646,0.3361674851206959,0.3036705562843532,0.7772690762746227,4,0
254,HoReCa,Lisbon,10379,17972,4748,4686,1547,3265,0.166483785165613,0.0651444728692446,0.3041446964083769,0.0687720585017181,0.4767447516241111,0.356922723386234,1,2
255,HoReCa,Lisbon,31614,489,1495,3242,111,615,-0.2487631282975674,0.3828872751120293,-0.0775440283779499,0.6389873371305024,-0.5390075322532066,0.7302206284829811,0,4
256,HoReCa,Lisbon,11092,5008,5249,453,392,373,-0.1480130920587278,-0.1085195482506309,-0.26543364349645,-0.125550976448433,-0.3821959536749007,-0.2988959726288305,2,1
257,HoReCa,Lisbon,8475,1931,1883,5004,3593,987,-0.1516011088811456,-0.0527208960593923,-0.2348080214109311,-0.0228267369530506,-0.4021457427263104,-0.1180000805673199,2,1
258,HoReCa,Lisbon,56083,4563,2124,6422,730,3321,0.0159229421414303,0.7920464475253446,0.377582911199386,0.6033152012679042,-0.1628704555941438,1.077869246833857,4,0
259,HoReCa,Lisbon,53205,4959,7336,3012,967,818,0.008592113071722,0.6899072611194249,0.3457109902922622,0.6348102604496019,-0.0935274407950697,1.0035735458937045,4,0
260,HoReCa,Lisbon,9193,4885,2157,327,780,548,-0.1750164552897395,-0.133735467847031,-0.3132597308191736,-0.1572580815848319,-0.4288243156662755,-0.4023399908508338,2,1
261,HoReCa,Lisbon,7858,1110,1094,6818,49,287,-0.2593318965094051,0.0214513035576523,-0.3164571115187118,0.1389589941156916,-0.6155703943926605,-0.0240798856979134,0,4
262,HoReCa,Lisbon,23257,1372,1677,982,429,655,-0.2527973780663936,0.1606116965669028,-0.2515977612993461,0.36231280968627,-0.5983790011843199,0.4204352945357862,0,4
263,HoReCa,Lisbon,2153,1115,6684,4324,2894,411,-0.0911958506314698,-0.1809020090192623,-0.1769645143254483,-0.2347867062545305,-0.1270837881883387,-0.5301142301345837,2,1
264,Retail,Lisbon,1073,9679,15445,61,5980,1265,0.3636232006422541,-0.2683733115033208,0.5323016278035855,-0.4363336224073185,1.016586382883896,-0.3616829066480357,1,2
265,HoReCa,Lisbon,5909,23527,13699,10155,830,3636,0.3767623884430385,0.1890062286079221,0.4585752361317073,0.1904982235375815,0.6307447859594298,0.4034678491899798,3,2
266,Retail,Lisbon,572,9763,22182,2221,4882,2563,0.4536467014091364,-0.1790335085371561,0.6284571456252734,-0.2732383381151283,1.032255484990611,-0.0941739160630982,1,2
267,HoReCa,Lisbon,20893,1222,2576,3975,737,3628,-0.2013306773089445,0.2257457677258061,-0.1426028778126145,0.412608110721791,-0.4817348039365524,0.666911717437744,0,4
268,Retail,Lisbon,11908,8053,19847,1069,6374,698,0.3808731816574877,-0.1046658958740108,0.5784450537863964,-0.2255168647322636,1.029451973164325,0.151403039995706,1,2
269,HoReCa,Lisbon,15218,258,1138,2516,333,204,-0.2861913016448879,0.0354959480346534,-0.3919039058497983,0.166416406987092,-0.7561135833037497,0.0644533571538423,0,4
270,HoReCa,Lisbon,4720,1032,975,5500,197,56,-0.2527421217887199,-0.0674449184733506,-0.3532410162812305,-0.0002476819989495,-0.580896149544083,-0.2608567209564297,2,1
271,HoReCa,Lisbon,2083,5007,1563,1120,147,1550,-0.1610618505442392,-0.201185000425627,-0.2918634551499205,-0.2593073452974362,-0.3029874184893324,-0.5831046167839666,2,1
272,HoReCa,Lisbon,514,8323,6869,529,93,1040,-0.0209169548025796,-0.2504867579959294,-0.0750510303348718,-0.3612560683776748,0.1445465424179796,-0.6306363917792027,2,3
273,HoReCa,Other,36817,3045,1493,4802,210,1824,-0.1818160596328848,0.5275787081911959,0.087976050884629,0.7434248092950699,-0.3895391120647442,0.9510026125502622,4,0
274,HoReCa,Other,894,1703,1841,744,759,1153,-0.1845615521303371,-0.2292317429278831,-0.3314489770302174,-0.2828912742087827,-0.3473214114824395,-0.6526842234280256,2,1
275,HoReCa,Other,680,1610,223,862,96,379,-0.2235061343560141,-0.2189439205512572,-0.364989471029801,-0.2415156139862778,-0.4276257044152234,-0.615821529551626,2,1
276,HoReCa,Other,27901,3749,6964,4479,603,2503,-0.1310688168545404,0.3444768180383282,0.0023200413230928,0.5687935392483445,-0.2781417781522902,1.0188084618607574,0,0
277,HoReCa,Other,9061,829,683,16919,621,139,-0.0861123610274762,0.3401887550077726,0.2101258882081072,0.4013316305936518,-0.2629660227891349,0.3519491992013878,0,4
278,HoReCa,Other,11693,2317,2543,5845,274,1409,-0.2334911521118209,0.0596752523912209,-0.3087662004369276,0.182827130065514,-0.6946218480416086,0.2076877714272211,0,4
279,Retail,Other,17360,6200,9694,1293,3620,1721,0.0417507117330139,0.0030825465268452,0.087695724434346,-0.0105769263654205,0.511650603950931,0.6241113802738133,2,0
280,HoReCa,Other,3366,2884,2431,977,167,1104,-0.1922332921875999,-0.1947558659383319,-0.350608691119966,-0.2437261366928722,-0.417147535910231,-0.5939857504811052,2,1
281,Retail,Other,12238,7108,6235,1093,2328,2079,-0.0267589605172632,-0.0746924895837072,-0.0573947671140484,-0.1237552853590148,0.1487670950142382,-0.0005987060623448,2,3
282,HoReCa,Other,49063,3965,4252,5970,1041,1404,-0.0503422786615202,0.7108117529413718,0.3100757868144621,0.7090390097921295,-0.1909847749369716,1.0502408553035445,4,0
283,HoReCa,Other,25767,3613,2013,10303,314,1384,-0.1783106695559991,0.4459480493320308,0.0430528799431627,0.638126006660372,-0.3919033206707441,0.8441473015641752,4,0
284,HoReCa,Other,68951,4411,12609,8692,751,2406,0.1706284779828743,0.8158332850370147,0.41581643774824,0.419342716398852,-0.006435035133445,1.1186139335740113,4,0
285,HoReCa,Other,40254,640,3600,1042,436,18,-0.1623550368132691,0.4782728247750975,0.1225405430585926,0.6534871681387451,-0.3421530962515587,0.762094676421941,4,0
286,HoReCa,Other,7149,2247,1242,1619,1226,128,-0.2169972039739257,-0.1417639829043524,-0.3791868289388991,-0.1509552023377798,-0.542252326498125,-0.4601521917206645,2,1
287,HoReCa,Other,15354,2102,2828,8366,386,1027,-0.2222047981897286,0.1944740802009012,-0.183667795020957,0.3831512828078983,-0.5443392089972954,0.4857570250253533,0,4
288,HoReCa,Other,16260,594,1296,848,445,258,-0.2697173589825,0.0181374564923631,-0.3677216908530889,0.1375746402549969,-0.672720686223988,0.0338424918601311,0,4
289,HoReCa,Other,42786,286,471,1388,32,22,-0.1768338048819246,0.533373908742308,0.1561967322498073,0.6652264783225915,-0.4018633823409292,0.7597791913283868,4,0
290,HoReCa,Other,2708,2160,2642,502,965,1522,-0.1677451911829054,-0.213736326618761,-0.3143728111931619,-0.2766802141233507,-0.3272679213086975,-0.626745110226587,2,1
291,HoReCa,Other,6022,3354,3261,2507,212,686,-0.199052439324224,-0.1368757559688876,-0.359984337858455,-0.1584302918467531,-0.552807219738601,-0.4785700603728728,2,1
292,HoReCa,Other,2838,3086,4329,3838,825,1060,-0.1577742165465648,-0.1582854693338539,-0.2913579623488782,-0.1974729102630688,-0.3813325141405524,-0.5336908398558241,2,1
293,Retail,Porto,3996,11103,12469,902,5952,741,0.3131908957479098,-0.2303866394251209,0.4686830215519905,-0.4059621299294045,1.017277692765248,-0.2886652144028589,1,2
294,HoReCa,Porto,21273,2013,6550,909,811,1854,-0.163246459235462,0.1149461568232529,-0.171831447378785,0.2610187369928707,-0.4105438885939984,0.5322166581846707,0,4
295,Retail,Porto,7588,1897,5234,417,2208,254,-0.1327225100850672,-0.1810595069007134,-0.2655332180845534,-0.2436155719620098,-0.2815940884995113,-0.5610662160377986,2,1
296,HoReCa,Porto,19087,1304,3643,3045,710,898,-0.2375943582349352,0.1143606568467927,-0.2977061343440608,0.2833840797503588,-0.7170561951229482,0.4360765911399175,0,4
297,Retail,Porto,8090,3199,6986,1455,3712,531,-0.0433777751648019,-0.1722680871492419,-0.1197189903707573,-0.2719041731534478,0.0405259483496158,-0.5972135704297663,2,3
298,Retail,Porto,6758,4560,9965,934,4538,1037,0.077041756294168,-0.2070092551371191,0.0844947714551755,-0.3635272222293551,0.6179558520240052,-0.5633892876545619,1,3
299,HoReCa,Porto,444,879,2060,264,290,259,-0.2015853149832093,-0.2404916059734818,-0.3405156514663062,-0.2763321077059577,-0.3654361422116819,-0.6564912695521129,2,1
300,Retail,Porto,16448,6243,6360,824,2662,2005,-0.0393637533042747,-0.0051135220899861,-0.0489372212161138,0.0056023037372019,0.0514639456085752,0.4215357179792831,2,0
301,Retail,Porto,5283,13316,20399,1809,8752,172,0.5790341532858287,-0.1439376872574988,0.7742541865913961,-0.2288652022898544,1.115082086952795,0.0074642731201266,3,2
302,Retail,Porto,2886,5302,9785,364,6236,555,0.1664076413489732,-0.2733449575759211,0.2292025288632377,-0.4461264840519534,0.6900687112541437,-0.5665517051464755,1,3
303,Retail,Porto,2599,3688,13829,492,10069,59,0.351603094871079,-0.2378426567763735,0.5055816040427815,-0.3171411922515548,0.796191278776171,-0.2962977673381086,1,3
304,Retail,Porto,161,7460,24773,617,11783,2410,0.6687072642792734,-0.138748119127666,0.7710914221737645,-0.1269671077318227,1.073675626858005,-0.0636407983188694,3,2
305,Retail,Porto,243,12939,8852,799,3909,211,0.2182638704275076,-0.2627722084358274,0.3083983987722224,-0.3958960657338042,0.7158428849490933,-0.4597803580071118,1,3
306,Retail,Porto,6468,12867,21570,1840,7558,1543,0.5645409041779113,-0.1209064375118885,0.7711669007366835,-0.2258387219517158,1.1623273507654823,0.0942142045151954,3,2
307,HoReCa,Porto,17327,2374,2842,1149,351,925,-0.2332611355023158,0.0413092434110905,-0.3252010888394003,0.1610767736408488,-0.6690218084401478,0.1938521384978264,0,4
308,HoReCa,Porto,6987,1020,3007,416,257,656,-0.2220758899924083,-0.1540607228165286,-0.3836519768974653,-0.1658441408734832,-0.5189455135166295,-0.4681537889877291,2,1
309,Retail,Porto,918,20655,13567,1465,6846,806,0.5352702947458294,-0.1399819160574527,0.6578228765045802,-0.1553971830018121,0.9931804792692728,-0.0691369464404957,3,2
310,HoReCa,Porto,7034,1492,2405,12569,299,1117,-0.155273442462632,0.1945017414848252,0.0131345269724983,0.3416227862062392,-0.312822174859422,0.2608908564633643,0,4
311,HoReCa,Porto,29635,2335,8280,3046,371,117,-0.1546119630546555,0.3107305646049768,-0.0264666231663762,0.5344281621502377,-0.3192085451193836,0.7930297003694691,0,0
312,Retail,Porto,2137,3737,19172,1274,17120,142,0.6186335502083526,-0.0692703438479399,0.6284253283921181,0.0216611038120116,0.890916040785894,-0.0614418961135853,3,2
313,HoReCa,Porto,9784,925,2405,4447,183,297,-0.2603499249079508,-0.0207726477460304,-0.387142582866518,0.0636752978861177,-0.719233135607081,-0.1042937708902979,2,4
314,HoReCa,Porto,10617,1795,7647,1483,857,1233,-0.1453014193598727,-0.0928398052828652,-0.2629924498388876,-0.1039154687009173,-0.4569110654487578,-0.2589037719585424,2,1
315,Retail,Porto,1479,14982,11924,662,3891,3508,0.3478431174449145,-0.1729375625752981,0.4880789733433575,-0.2580640104320358,0.904353517785138,-0.1206272454274539,1,2
316,HoReCa,Porto,7127,1375,2201,2679,83,1059,-0.2433468505487404,-0.0993406578346532,-0.4056801222934797,-0.0784273854781095,-0.6652328940847252,-0.344334130773848,2,1
317,HoReCa,Porto,1182,3088,6114,978,821,1637,-0.1029852341130009,-0.2373453905054449,-0.22253630869097,-0.336708816845197,-0.128755781701803,-0.701726970719414,2,1
318,HoReCa,Porto,11800,2713,3558,2121,706,51,-0.2133331863086018,-0.0601482808365068,-0.3551299042207885,-0.0211458999978624,-0.6562242638040711,-0.1843687167242538,2,1
319,Retail,Porto,9759,25071,17645,1128,12408,1625,0.7535925665023767,0.0631503877268797,0.686045315137829,0.0928364383849335,1.0905597610204625,0.2345911235507218,3,2
320,HoReCa,Porto,1774,3696,2280,514,275,834,-0.170352080305563,-0.2280447489677219,-0.3169738128583718,-0.2934003819114114,-0.316689629865048,-0.6583294268157116,2,1
321,HoReCa,Porto,9155,1897,5167,2714,228,1113,-0.2015263211576899,-0.0796523427577809,-0.3489666910238811,-0.0642039570067746,-0.6645996830197575,-0.2684999839766265,2,1
322,HoReCa,Porto,15881,713,3315,3703,1470,229,-0.2331800023981802,0.0539202404363743,-0.3218055049871084,0.1818115310883162,-0.7022815062179572,0.2132485728692758,0,4
323,HoReCa,Porto,13360,944,11593,915,1679,573,-0.0732809374882699,-0.0719578934004505,-0.1144957352594225,-0.0758810641866449,-0.0882273246949966,-0.0422098269934003,2,1
324,HoReCa,Porto,25977,3587,2464,2369,140,1092,-0.2224024671211047,0.2490487899160673,-0.1679962574485717,0.4835178536196519,-0.5344033333590471,0.697817610265849,0,4
325,HoReCa,Porto,32717,16784,13626,60869,1272,5609,0.3645901980791307,0.4149346788141638,0.3882136372003404,0.256151576312537,0.1525813118884607,0.7078871237963968,4,0
326,HoReCa,Porto,4414,1610,1431,3498,387,834,-0.2344965858954117,-0.1247589849055719,-0.3876698211722857,-0.1147510210059866,-0.5836677842019983,-0.4206782038907328,2,1
327,HoReCa,Porto,542,899,1664,414,88,522,-0.211083257976874,-0.2312236332593776,-0.3525005197035216,-0.2626248329156094,-0.3932001199473716,-0.6382144645970456,2,1
328,HoReCa,Porto,16933,2209,3389,7849,210,1534,-0.2188262534638845,0.2159861030525348,-0.1782668298380037,0.4141475681662991,-0.5558661750866387,0.5895725940776334,0,4
329,HoReCa,Porto,5113,1486,4583,5127,492,739,-0.1977034554866598,-0.0868009059346323,-0.3150778218436829,-0.059429926991497,-0.5118131843150717,-0.2881341523006627,2,1
330,HoReCa,Porto,9790,1786,5109,3570,182,1043,-0.2099510549804521,-0.0479236426034719,-0.3462565480743135,-0.0061249693325248,-0.7049492664130245,-0.1460979626335419,2,1
331,Retail,Porto,11223,14881,26839,1234,9606,1102,0.7093013264215736,-0.0143994651028539,0.8114916021945136,-0.0473287779792093,1.1417085513173943,0.2424809754547241,3,2
332,HoReCa,Porto,22321,3216,1447,2208,178,2602,-0.221506748491083,0.198220747109333,-0.196949736491147,0.3953305714103321,-0.5528001364520122,0.6188578310834184,0,4
333,Retail,Porto,8565,4980,67298,131,38102,1215,0.4345876597401558,0.4132301485123283,0.3887308292712926,0.2565075719670838,1.01095217483062,0.2087471017099761,4,2
334,Retail,Porto,16823,928,2743,11559,332,3486,-0.1532660055967148,0.3529643285281322,0.0584767488696329,0.4976207197037505,-0.328074497899602,0.6292655661978215,0,0
335,Retail,Porto,27082,6817,10790,1365,4111,2139,0.0827896156483976,0.2065303893220734,0.226466676366994,0.2964668954567906,0.3804475443330468,0.9367443168209796,0,0
336,HoReCa,Porto,13970,1511,1330,650,146,778,-0.2595470027233207,-0.0231525704957342,-0.3851180685845057,0.0606427679131552,-0.6757321934083567,-0.0704286597786001,2,4
337,HoReCa,Porto,9351,1347,2611,8170,442,868,-0.2231083560824268,0.0827157335367843,-0.2309358248345689,0.2230440030452061,-0.5256453398500697,0.1685565559398869,0,4
338,HoReCa,Porto,3,333,7021,15601,15,550,-0.0426488520624054,0.1942941955446109,0.1936950655996829,0.3019846574081555,-0.1331552095645516,0.1495985638735842,0,4
339,HoReCa,Porto,2617,1188,5332,9584,573,1942,-0.135244710989532,0.0342264307051479,-0.0812511958372918,0.1419825099414248,-0.2425561028494271,0.0369709959788428,0,4
340,Retail,Other,381,4025,9670,388,7271,1371,0.1999356450539056,-0.2858140436695562,0.2815520239746898,-0.4348092267883475,0.6835234980278403,-0.5356175479966188,1,3
341,Retail,Other,2320,5763,11238,767,5162,2158,0.1804159137833914,-0.2521467390316623,0.2519722701018449,-0.4315313230212327,0.8115240249334547,-0.507845632056841,1,3
342,HoReCa,Other,255,5758,5923,349,4595,1328,0.0648296189832837,-0.2906541961382125,0.0477968844261191,-0.4542277552473974,0.4259572607924374,-0.7410227377666557,1,3
343,Retail,Other,1689,6964,26316,1456,15469,37,0.7204378928782573,-0.0602590245487611,0.7106863091188892,0.0166838367668246,1.0142972919430708,-0.0232340011403448,3,2
344,HoReCa,Other,3043,1172,1763,2234,217,379,-0.2312772307646261,-0.1737979713299453,-0.3914529294611673,-0.1873301674769626,-0.5159748690215462,-0.5402129782351112,2,1
345,HoReCa,Other,1198,2602,8335,402,3843,303,0.0118313056987765,-0.2874563862536065,-0.0379245226603057,-0.4301218194563326,0.2355566862685771,-0.7538589361967504,1,3
346,Retail,Other,2771,6939,15541,2693,6600,1115,0.315509398732287,-0.2173436969385908,0.4772997971870034,-0.3846133998469816,1.0079491095698645,-0.2520894145964688,1,2
347,Retail,Other,27380,7184,12311,2809,4621,1022,0.1129236871622376,0.2200421430538539,0.2696410101194684,0.2971316979045258,0.4399120442019724,0.9591966048387216,4,0
348,HoReCa,Other,3428,2380,2028,1341,1184,665,-0.1854003761790464,-0.2009778872099775,-0.3471054757388596,-0.2551537707311462,-0.4072770294551835,-0.6286880278834234,2,1
349,Retail,Other,5981,14641,20521,2005,12218,445,0.6971090129336225,-0.0809506188626034,0.8156262449953635,-0.103823207304343,1.1250459185179411,0.0856860261722906,3,2
350,HoReCa,Other,3521,1099,1997,1796,173,995,-0.2267030488337501,-0.1706641600364482,-0.3894495307066876,-0.1896567425211093,-0.5170752112349336,-0.5307460752970893,2,1
351,Retail,Other,1210,10044,22294,1741,12638,3137,0.6967538631524289,-0.1004965001826137,0.7882255899770106,-0.0991429381887557,1.115665632834077,0.0234741321757572,3,2
352,HoReCa,Other,608,1106,1533,830,90,195,-0.2153388944479218,-0.2265527768486438,-0.3584682901761756,-0.2546646052070808,-0.4082866441435441,-0.6339544220161564,2,1
353,Retail,Other,117,6264,21203,228,8682,1111,0.4985986974079782,-0.2357489917261631,0.6804823620864882,-0.3121845546185819,0.999430773237111,-0.2376061236776293,1,2
354,HoReCa,Other,14039,7393,2548,6386,1333,2341,-0.1164844938703777,0.1196486519832217,-0.0957987700036943,0.2280912758202483,-0.2782798168119756,0.5849161609969535,0,0
355,HoReCa,Other,190,727,2012,245,184,127,-0.2047053045882114,-0.241631698923641,-0.3391591988127159,-0.2721654241624319,-0.3680530150619625,-0.6546279942664647,2,1
356,HoReCa,Other,22686,134,218,3157,9,548,-0.2983469423340452,0.2080325550642782,-0.2825655132400366,0.4358126022955085,-0.719045171132775,0.4538181340566088,0,4
357,Retail,Other,37,1275,22272,137,6747,110,0.3545879320407819,-0.2399848450596568,0.493194776485345,-0.2689092346383868,0.7352268027722353,-0.3170742247816216,1,3
358,HoReCa,Other,759,18664,1660,6114,536,4100,0.1565432090361507,0.0230315905931016,0.2946331806778434,0.0692753379534897,0.3566824859020044,0.1008236155394761,1,3
359,HoReCa,Other,796,5878,2109,340,232,776,-0.1329606253286293,-0.2425130538283208,-0.2516492296287295,-0.3183642453518522,-0.1913529780994911,-0.663246487961191,2,1
360,HoReCa,Other,19746,2872,2006,2601,468,503,-0.2448221831974315,0.1171996673188196,-0.2989242032680826,0.2897378299510166,-0.694908151324775,0.4048427167193008,0,4
361,HoReCa,Other,4734,607,864,1206,159,405,-0.2508876814810188,-0.1619779261324955,-0.4109663113883562,-0.1614001017665287,-0.5543035346198822,-0.4949775471246226,2,1
362,HoReCa,Other,2121,1601,2453,560,179,712,-0.2013265411206209,-0.217523603438575,-0.3562311510982199,-0.2618167761445455,-0.3997542605357342,-0.6264557320452169,2,1
363,HoReCa,Other,4627,997,4438,191,1335,314,-0.1658258489753145,-0.2126176755262845,-0.3139427342468707,-0.2708110225835605,-0.3281900525519339,-0.6200164649343598,2,1
364,HoReCa,Other,2615,873,1524,1103,514,468,-0.2211686158984552,-0.2008144626560749,-0.3791471801830554,-0.2280871946370245,-0.4594658284257088,-0.5910420733727749,2,1
365,Retail,Other,4692,6128,8025,1619,4515,3105,0.1038464238842203,-0.1805663517997827,0.138759350273243,-0.3148640049784173,0.6521952462450774,-0.3376221753347247,1,3
366,HoReCa,Other,9561,2217,1664,1173,222,447,-0.2413805831133604,-0.0994523607231418,-0.4018851901578189,-0.0764826736804699,-0.6356023470953595,-0.3243201528089331,2,1
367,HoReCa,Other,3477,894,534,1457,252,342,-0.2449562893188631,-0.1756570122694415,-0.4022843820433047,-0.1817765181668815,-0.526816005137954,-0.5306154986099322,2,1
368,HoReCa,Other,22335,1196,2406,2046,101,558,-0.2622927006430017,0.1644231229794446,-0.2760308998937724,0.370498807976762,-0.6601864363766893,0.4468677298737664,0,4
369,HoReCa,Other,6211,337,683,1089,41,296,-0.2641235769423087,-0.1398194187362484,-0.4209044645327597,-0.1222430615630452,-0.5935250425258286,-0.4354846834973548,2,1
370,Retail,Other,39679,3944,4955,1364,523,2235,-0.1041951872087736,0.4989644538562852,0.1650522049580301,0.6779861840154184,-0.2031632398323935,0.9260991686237972,4,0
371,HoReCa,Other,20105,1887,1939,8164,716,790,-0.2314890775833567,0.2745334149034347,-0.1495369157080775,0.4947923172017042,-0.5541130588192148,0.6389593069170736,0,4
372,HoReCa,Other,3884,3801,1641,876,397,4829,-0.1040245892096736,-0.095732138296063,-0.0960332323145327,-0.0781366747854287,-0.1217489849772919,-0.1771738740765199,2,1
373,Retail,Other,15076,6257,7398,1504,1916,3113,-0.0265172359407603,0.0105147074475537,-0.0164184384482409,0.0223761057917143,0.1186755235851518,0.4760758663534389,2,0
374,HoReCa,Other,6338,2256,1668,1492,311,686,-0.2275553662991564,-0.1438931560026404,-0.3967268115418855,-0.1548425526895042,-0.5721769877713145,-0.4696859403896409,2,1
375,HoReCa,Other,5841,1450,1162,597,476,70,-0.2329427474645346,-0.1678400593057775,-0.3918964469038711,-0.176931561299367,-0.511195469512076,-0.5034719702684689,2,1
376,Retail,Other,3136,8630,13586,5641,4666,1426,0.2281237284473778,-0.1360970209671199,0.3495077102315733,-0.2520420315434836,0.8756532066049272,-0.0731467142566625,1,2
377,HoReCa,Other,38793,3154,2648,1034,96,1242,-0.158711564227741,0.4721333257068641,0.1056619084712164,0.6733698564176088,-0.321317775308532,0.8279596517900468,4,0
378,HoReCa,Other,3225,3294,1902,282,68,1114,-0.1888337270859268,-0.2045281856601203,-0.3388598796612378,-0.2541063370250807,-0.3791084614400016,-0.5934955578846273,2,1
379,Retail,Other,4048,5164,10391,130,813,179,-0.0191519862681864,-0.2375982560368337,-0.0787982690928918,-0.3549179198824442,0.1489772949293839,-0.6221153874050604,2,3
380,HoReCa,Other,28257,944,2146,3881,600,270,-0.2465593284595996,0.3200836008749904,-0.1369901441487347,0.5755076782882418,-0.5598441406748549,0.6994683187226173,0,4
381,HoReCa,Other,17770,4591,1617,9927,246,532,-0.1928612695653623,0.2802117359525257,-0.0671323800790716,0.4700859345138741,-0.4241834181487259,0.5878263142571643,0,4
382,HoReCa,Other,34454,7435,8469,2540,1711,2893,-0.0003546210116818,0.4172712797188433,0.2106344723700518,0.5755025593158931,0.0677186000818613,1.054302692554341,4,0
383,HoReCa,Other,1821,1364,3450,4006,397,361,-0.202352124127669,-0.1601642543007554,-0.3374181001843758,-0.1676581757915989,-0.4480271579448588,-0.5034970290018209,2,1
384,HoReCa,Other,10683,21858,15400,3635,282,5120,0.3887285656759158,0.1293512068598586,0.4887169240956614,0.1296545106429766,0.7151098117570305,0.4082085070402826,3,2
385,HoReCa,Other,11635,922,1614,2583,192,1068,-0.2668428870093281,-0.022300344100478,-0.40970794527305,0.0576969190417355,-0.7717294534576529,-0.0874385479219812,2,4
386,HoReCa,Other,1206,3620,2857,1945,353,967,-0.1675456644371026,-0.2124925251801036,-0.3149684378133805,-0.2757043848550836,-0.3371912720062102,-0.6513574174553881,2,1
387,HoReCa,Other,20918,1916,1573,1960,231,961,-0.2596334850371682,0.1386411293910602,-0.296680448571069,0.3281900653322785,-0.6863766449919851,0.417251867243912,0,4
388,HoReCa,Other,9785,848,1172,1677,200,406,-0.2672654873750734,-0.0786576486493696,-0.4241081905369759,-0.0308101119496862,-0.6881551904798365,-0.2713719938265636,2,1
389,HoReCa,Other,9385,1530,1422,3019,227,684,-0.2595522445057941,-0.0576976098162032,-0.4141783570123769,-0.0032910108538856,-0.7359648920774762,-0.215956638398708,2,1
390,HoReCa,Other,3352,1181,1328,5502,311,1000,-0.2335800266225647,-0.081731538160332,-0.3368588745555419,-0.0311556962870693,-0.5396332180177547,-0.2874327278114345,2,1
391,HoReCa,Other,2647,2761,2313,907,95,1827,-0.1837390898999313,-0.1925409343107974,-0.3255809984953703,-0.2383196337266043,-0.3745097703729926,-0.5610965457884846,2,1
392,HoReCa,Other,518,4180,3600,659,122,654,-0.145031469800215,-0.2471436774688473,-0.2803743022093573,-0.3261562230177062,-0.2352237661386671,-0.7004494644655949,2,1
393,HoReCa,Other,23632,6730,3842,8620,385,819,-0.1430455490321097,0.3481289884423567,0.0063621958615576,0.5473971267024296,-0.3069923447825505,0.8598834246874962,0,0
394,HoReCa,Other,12377,865,3204,1398,149,452,-0.2494567061868572,-0.0472273964511864,-0.3922310303649954,0.0162142339752944,-0.6862633784373942,-0.1488409682118526,2,1
395,HoReCa,Other,9602,1316,1263,2921,841,290,-0.2519455925291298,-0.0657259199564701,-0.4046742119688711,-0.0157274063734957,-0.7004706802166852,-0.2381395067049768,2,1
396,Retail,Other,4515,11991,9345,2644,3378,2213,0.1858413877948004,-0.1586181262921226,0.2785730210904911,-0.2924606118806626,0.8477254553506058,-0.1614752145939537,1,2
397,HoReCa,Other,11535,1666,1428,6838,64,743,-0.2583212358607977,0.0853188712388037,-0.3034758342533531,0.2334316097965611,-0.6657485126168421,0.1873543479194495,0,4
398,HoReCa,Other,11442,1032,582,5390,74,247,-0.2832593683100664,0.0419543660583128,-0.3697651997401877,0.1724525530548973,-0.7348507557246619,0.0496617982494859,0,4
399,HoReCa,Other,9612,577,935,1601,469,375,-0.265786330832935,-0.0841825095840784,-0.4217411932761907,-0.0388311516718106,-0.6732966923213077,-0.2862245511698409,2,1
400,HoReCa,Other,4446,906,1238,3576,153,1014,-0.2484783374130311,-0.1136517940526896,-0.3961124399168775,-0.0902063312628371,-0.6058255316683692,-0.3839056429373953,2,1
401,HoReCa,Other,27167,2801,2128,13223,92,1902,-0.1311774160212983,0.5403795886460943,0.1745746893850281,0.6272201390406889,-0.320004301758325,0.8385421348222316,4,0
402,HoReCa,Other,26539,4753,5091,220,10,340,-0.1669013681519402,0.1974646251206445,-0.0990698455142199,0.3900650791391785,-0.3367409664094063,0.5709911012063275,0,4
403,HoReCa,Other,25606,11006,4604,127,632,288,-0.0505012390224452,0.17270163628229,0.0601418165613873,0.2946910059990125,-0.0102345115264888,0.5751302867974158,0,0
404,HoReCa,Other,18073,4613,3444,4324,914,715,-0.1931510883271995,0.1159864978231488,-0.2374337018195745,0.2656861368195503,-0.6548229529763289,0.5727894385723392,0,4
405,HoReCa,Other,6884,1046,1167,2069,593,378,-0.2482778222564355,-0.1231768016101758,-0.4137578499250275,-0.1090660783059027,-0.6209689456012392,-0.4091018369683172,2,1
406,HoReCa,Other,25066,5010,5026,9806,1092,960,-0.1240550849123643,0.4001916415875522,0.0618786638276207,0.5906116900872384,-0.257765382746975,0.8996625578054164,4,0
407,Retail,Other,7362,12844,18683,2854,7883,553,0.5077540033498026,-0.1180112738948933,0.7199105183608593,-0.2356484996722522,1.1270125626033616,0.0989863115595091,3,2
408,Retail,Other,8257,3880,6407,1646,2730,344,-0.0785790385614778,-0.1609849312543933,-0.1809942021419915,-0.245176359197691,-0.1542679092730559,-0.6223734374386751,2,1
409,HoReCa,Other,8708,3634,6100,2349,2123,5137,-0.0191788999905151,-0.0193767304317376,0.0238531795723813,-0.0079485804615072,0.1022039605110517,0.1385836686007991,2,4
410,HoReCa,Other,6633,2096,4563,1389,1860,1892,-0.1373208513109084,-0.1532567720766576,-0.2689968115468291,-0.2086445580852186,-0.3522852930779528,-0.513219106380676,2,1
411,HoReCa,Other,2126,3289,3281,1535,235,4365,-0.1049090263456721,-0.1275747669229942,-0.125276738680638,-0.1303668294500456,-0.1230207949990088,-0.2683752243029377,2,1
412,HoReCa,Other,97,3605,12400,98,2970,62,0.078162783602844,-0.300998086474386,0.0783326151882979,-0.4432278848286627,0.3973492161821379,-0.6907510512278516,1,3
413,HoReCa,Other,4983,4859,6633,17866,912,2435,0.0471967125470669,0.3246657991308099,0.2906336699035087,0.3621936975453446,0.0069680683851029,0.3947042083273857,4,0
414,HoReCa,Other,5969,1990,3417,5679,1135,290,-0.1961067733595382,-0.0669152839738909,-0.2999335395254734,-0.0238076436375926,-0.5012355105234052,-0.2236936419555635,2,1
415,Retail,Other,7842,6046,8552,1691,3540,1874,0.0433123316757381,-0.1574012929500987,0.0330691325002336,-0.2882393510508847,0.6795503417737889,-0.5639105878835688,1,3
416,Retail,Other,4389,10940,10908,848,6728,993,0.3109423238826088,-0.2243696396025593,0.464742479724515,-0.3963302091577826,1.0109946545944557,-0.2693542351077779,1,2
417,HoReCa,Other,5065,5499,11055,364,3485,1063,0.0876510680205792,-0.2363004293163259,0.0956120394995305,-0.4065197452033572,0.6126212294604699,-0.6264396437730327,1,3
418,Retail,Other,660,8494,18622,133,6740,776,0.4230334524293382,-0.2628086537798905,0.6089350123452217,-0.3979627597846605,1.008723398414934,-0.3142118745526114,1,2
419,HoReCa,Other,8861,3783,2223,633,1580,1521,-0.1618798420314703,-0.1294773695142352,-0.2986250080945297,-0.1607359582231597,-0.4328552388072766,-0.4066323697655428,2,1
420,HoReCa,Other,4456,5266,13227,25,6818,1393,0.2579690630821256,-0.2438077412175942,0.3841667956115905,-0.412763745586485,0.887342110764883,-0.3590959151677762,1,3
421,Retail,Other,17063,4847,9053,1031,3415,1784,0.0016174629729838,-0.0040766298294479,0.0189612852869999,-0.0053161738163638,0.2762535278811049,0.5065622216036406,2,0
422,HoReCa,Other,26400,1377,4172,830,948,1218,-0.2001079746487433,0.2166255830821317,-0.1443280524915826,0.4321652690768706,-0.4446824981858614,0.6097190358212853,0,4
423,Retail,Other,17565,3686,4657,1059,1803,668,-0.1544860194492366,0.0162382421837361,-0.2255544744778767,0.0935275215480245,-0.4760132687037943,0.2494545849105565,0,4
424,Retail,Other,16980,2884,12232,874,3213,249,0.0062998193770406,-0.027232789551561,0.0320030617693478,-0.0287209039796862,0.2106927261975555,0.2340848431817505,2,0
425,HoReCa,Other,11243,2408,2593,15348,108,1886,-0.0963599028351248,0.3458381820028358,0.1666817515460249,0.4403412784043105,-0.2360236723856325,0.4647932907298594,0,4
426,HoReCa,Other,13134,9347,14316,3141,5079,1894,0.251013557191609,-0.0372292696751797,0.4101264208195107,-0.1459469453694214,1.1326647452832,0.4523412923440142,1,2
427,HoReCa,Other,31012,16687,5429,15082,439,1163,0.122024068583566,0.577030750610183,0.3666327964631897,0.4480885615710109,0.1112196961192342,0.8918099341426834,4,0
428,HoReCa,Other,3047,5970,4910,2198,850,317,-0.1037810927558228,-0.2057076818541912,-0.221186150487181,-0.2955028615234891,-0.163334066220739,-0.6639662017023685,2,1
429,HoReCa,Other,8607,1750,3580,47,84,2501,-0.1883499113419746,-0.1079211193860748,-0.3018134375035474,-0.1045348891460585,-0.4240949937786321,-0.2736723663265644,2,1
430,HoReCa,Other,3097,4230,16483,575,241,2080,0.085276654945962,-0.1977771313613119,0.1214606351171816,-0.2808561280873213,0.4063120651166312,-0.3293434207861329,1,3
431,HoReCa,Other,8533,5506,5160,13486,1377,1498,-0.0434056646664303,0.2294993610017512,0.1362179144823024,0.3484916300336846,-0.0663201419149472,0.4082808973311824,0,0
432,HoReCa,Other,21117,1162,4754,269,1328,395,-0.1954579839681711,0.0807389351940937,-0.2240988221409447,0.225102631623964,-0.4622008755276754,0.3097716914226627,0,4
433,HoReCa,Other,1982,3218,1493,1541,356,1449,-0.1871200243287452,-0.1964855450886015,-0.3348631616928786,-0.2439740158750392,-0.3893828625415418,-0.5905524722844293,2,1
434,HoReCa,Other,16731,3922,7994,688,2371,838,-0.0753208605033546,-0.0202508456366809,-0.1137220783599681,0.0020127808660366,-0.1422984501163959,0.2306426540945405,2,4
435,HoReCa,Other,29703,12051,16027,13135,182,2204,0.1609647554224298,0.5338406283087378,0.3761623314298119,0.4667789087717406,0.251199647074305,0.9703442636368788,4,0
436,HoReCa,Other,39228,1431,764,4510,93,2346,-0.1809321962966529,0.5704327940055632,0.1302310213703472,0.7451105238303103,-0.4001704087859912,0.9319810019193496,4,0
437,Retail,Other,14531,15488,30243,437,14841,1867,0.8306305443109373,0.104409861538869,0.7207467524010436,0.122400101360515,1.1354324092019192,0.3062525759811331,3,2
438,HoReCa,Other,10290,1981,2232,1038,168,2125,-0.2212778031294291,-0.066882777530733,-0.3520036077123483,-0.0339088276242842,-0.5946608317701935,-0.1799082157149275,2,1
439,HoReCa,Other,2787,1698,2510,65,477,52,-0.1947531896591522,-0.2249000649235858,-0.3434271702891227,-0.2682870154449536,-0.3702887263211462,-0.6312233940849091,2,1
