,Channel,Region,Fresh,Milk,Grocery,Frozen,Detergents_Paper,Delicatessen,x_kpca_rbf,y_kpca_rbf,x_kpca_poly,y_kpca_poly,x_kpca_cos,y_kpca_cos,cluster_kpca_rbf
0,Retail,Other,12669,9656,7561,214,2674,1338,0.0528736785139061,-0.09570202833393882,0.07837370589555152,-0.17311460364284062,0.5047893015158404,0.009622306647377843,4
1,Retail,Other,7057,9810,9568,1762,3293,1776,0.12964618401642952,-0.16045812129786943,0.18581254641290795,-0.30741471406459697,0.8899412223120095,-0.26283294632794385,4
2,Retail,Other,6353,8808,7684,2405,3516,7844,0.21020537269667053,0.048446046462656545,0.3417015381326229,0.07504775170557623,0.47399405412671775,0.2356868332458666,4
3,HoReCa,Other,13265,1196,4221,6404,507,1788,-0.21624322605827734,0.10516496683103865,-0.25330352365834535,0.2503524263190757,-0.6186114271241641,0.37013054428028175,3
4,Retail,Other,22615,5410,7198,3915,1777,5185,-0.01168737428449542,0.2654316269575651,0.1366167136889872,0.37527923546027636,0.06889953794312559,0.8618293827365124,3
5,Retail,Other,9413,8259,5126,666,1795,1451,-0.03646629736114636,-0.13284548868140936,-0.0889533043384346,-0.21226471169213576,0.10295629527946543,-0.33045648010926537,0
6,Retail,Other,12126,3199,6975,480,3140,545,-0.06971559322032485,-0.11732621082881489,-0.1435304125938082,-0.16630589319905736,-0.09216796241777601,-0.2898919276536126,0
7,Retail,Other,7579,4956,9426,1669,3321,2566,0.0437594438429186,-0.14661913883939381,0.04089698583784393,-0.2627155987279704,0.5540934639173399,-0.3475508620366145,4
8,HoReCa,Other,5963,3648,6192,425,1716,750,-0.09675019886902214,-0.20506029089817548,-0.22048402954290275,-0.3051577883697471,-0.15578901423447672,-0.6896927304727346,0
9,Retail,Other,6006,11093,18881,1159,7425,2098,0.4936685721899785,-0.1555560080111176,0.7089688368462717,-0.29119250182163287,1.1648509491774437,0.023746724906468033,1
10,Retail,Other,3366,5403,12974,4400,5977,1744,0.21067780901882702,-0.16964359555283148,0.3197406409241956,-0.3065245780476244,0.8649020932926696,-0.19286306252342594,4
11,Retail,Other,13146,1124,4523,1420,549,497,-0.22150693569650964,-0.04301981096108604,-0.3554518255692505,0.013874803248531749,-0.6524416952788551,-0.10638673171861002,0
12,Retail,Other,31714,12319,11757,287,3881,2931,0.20479873186607844,0.2930467306242146,0.3854465445073946,0.3357288366807352,0.5189256754099238,0.889184412916553,2
13,Retail,Other,21217,6208,14982,3095,6707,602,0.22492371282292775,0.08412699715331379,0.38950060072832154,0.059373813275348054,0.745958790033325,0.6652437528164213,4
14,Retail,Other,24653,9465,12091,294,5058,2168,0.19615395161835358,0.1302305498706692,0.35551116657293474,0.14421778495165286,0.6716997036238871,0.760540081371423,4
15,HoReCa,Other,10253,1114,3821,397,964,412,-0.2060461349804701,-0.11610486588018862,-0.35435520006086135,-0.11021859390248863,-0.5245171920456182,-0.3477885584442487,0
16,Retail,Other,1020,8816,12121,134,4508,1080,0.22748280410347524,-0.28469273656532,0.32263564498743114,-0.47221899771116554,0.8519358136546636,-0.5460352667323776,4
17,HoReCa,Other,5876,6157,2933,839,370,4478,-0.07176423537634748,-0.08755038735669973,-0.07000249896230817,-0.090350472643119,-0.0332202932966468,-0.11493113644620034,0
18,Retail,Other,18601,6327,10099,2205,2767,3181,0.03992590448697286,0.08402689619844324,0.11654191916216358,0.11785312476009328,0.38766037522140046,0.8429922154646664,3
19,HoReCa,Other,7780,2495,9464,669,2518,501,-0.04484567184704733,-0.18519562960453706,-0.12022755406904621,-0.28354820077109333,0.04476543644367421,-0.5527699503922409,0
20,Retail,Other,17546,4519,4602,1066,2259,2124,-0.11095404619357699,0.03344697483640441,-0.1469002107674543,0.09957113896938696,-0.3075208902858989,0.4431883052888923,3
21,HoReCa,Other,5567,871,2010,3383,375,569,-0.24353177280560848,-0.11311006709485759,-0.3995107138663485,-0.0926408201774204,-0.6188073618880083,-0.3876127760478737,0
22,HoReCa,Other,31276,1917,4469,9408,2381,4334,-0.0680514435314908,0.5381913850229696,0.20435998773200195,0.6356359259636718,-0.15600433489142165,1.005037085312468,2
23,Retail,Other,26373,36423,22019,5154,4337,16523,0.45142794629922645,0.4340437448097875,0.3902661572691502,0.2569496025734212,0.7065213342862832,0.6250312465235665,2
24,Retail,Other,22647,9776,13792,2915,4482,5778,0.2635648263851923,0.22849832866870257,0.42781654073334824,0.22478368660722675,0.6516647402081207,0.8093177360160559,2
25,Retail,Other,16165,4230,7595,201,4003,57,-0.023400880290824485,-0.05949553065770278,-0.03163512873405411,-0.07255095160998645,0.11452974129428219,0.0681269264664046,0
26,HoReCa,Other,9898,961,2861,3151,242,833,-0.249704766904573,-0.0486856167610059,-0.40014060362739406,0.008535414697348552,-0.7423357127810757,-0.1765751160825626,0
27,HoReCa,Other,14276,803,3045,485,100,518,-0.2491491000458863,-0.02751349902059012,-0.3700525126455125,0.05391791921403469,-0.6391505057184971,-0.07438347274703118,0
28,Retail,Other,4113,20484,25957,1158,8604,5206,0.7542725293909497,0.04020315600901946,0.70162073686058,0.07310145750804008,1.1249453280505732,0.21303748583376214,1
29,HoReCa,Other,43088,2100,2609,1200,1107,823,-0.1263847947937677,0.534606469758253,0.18268354738980866,0.6814840445911234,-0.27649261022401916,0.8502143237539174,2
30,HoReCa,Other,18815,3610,11107,1148,2134,2963,-0.007407037413695165,0.06725798705065217,0.043119217126725964,0.11745335924201442,0.16493083317346724,0.6234542505990083,3
31,HoReCa,Other,2612,4339,3133,2088,820,985,-0.1495495118412634,-0.19973477021747035,-0.29478662624567464,-0.27210669237856155,-0.3202832277448938,-0.6543615200910101,0
32,HoReCa,Other,21632,1318,2886,266,918,405,-0.2268519676811983,0.10124602462623573,-0.2515720524686856,0.26606108407188245,-0.5331976714561585,0.30969511350508777,3
33,HoReCa,Other,29729,4786,7326,6130,361,1083,-0.12828505816235464,0.399899097505344,0.041823502890765314,0.6263327105684741,-0.26571277634927504,1.016017675868507,2
34,HoReCa,Other,1502,1979,2262,425,483,395,-0.18919553651563348,-0.23384049513375874,-0.3395076127492347,-0.28598298885766144,-0.35533456017248455,-0.6617378578423458,0
35,Retail,Other,688,5491,11091,833,4239,436,0.12567680076707413,-0.2926489592380956,0.15318548998698026,-0.4720462749746824,0.6000385488030902,-0.6994720898570784,4
36,HoReCa,Other,29955,4362,5428,1729,862,4626,-0.07490778440677816,0.35872505699860774,0.11579078334966661,0.5158516314924014,-0.1089655907629365,0.8729278267081,2
37,Retail,Other,15168,10556,12477,1920,6506,714,0.2779010566489664,-0.045145956281025024,0.447446210400166,-0.15055607597941204,1.0110854714933872,0.3545071689871444,4
38,Retail,Other,4591,15729,16709,33,6956,433,0.5088895400207494,-0.17992972966704643,0.693142222389734,-0.2710746455693033,1.0669990965728449,-0.08668972605110811,1
39,HoReCa,Other,56159,555,902,10002,212,2916,0.0011534773885985901,0.8220882021752692,0.3812905631536118,0.5589487619332959,-0.2658160897709328,1.0520557688481054,2
40,HoReCa,Other,24025,4332,4757,9510,1145,5864,-0.03223995554838162,0.44617453384249106,0.2115296314258816,0.5158501567286049,-0.07066330438118014,0.8768592401126599,2
41,HoReCa,Other,19176,3065,5956,2033,2575,2802,-0.0980204743505117,0.09632757038358722,-0.09230035545523274,0.19668690026864846,-0.22676153440559038,0.681270474537002,3
42,Retail,Other,10850,7555,14961,188,6899,46,0.29889717776416974,-0.15737636426047727,0.463001012264791,-0.292706531265456,0.9339095988837431,-0.04149593103471475,4
43,Retail,Other,630,11095,23998,787,9529,72,0.6333539368942155,-0.18079964350409644,0.7874656499758452,-0.20601239875751148,1.0782110305381694,-0.1264071613347104,1
44,Retail,Other,9670,7027,10471,541,4618,65,0.1182193918742674,-0.1763370985665654,0.16846143696562332,-0.3160674267550955,0.6993504189316265,-0.301402681390308,4
45,Retail,Other,5181,22044,21531,1740,7353,4985,0.6897964496445723,0.0359430263491804,0.6868279055313016,0.05304779726024811,1.0837711459780295,0.23881263381467802,1
46,Retail,Other,3103,14069,21955,1668,6792,1452,0.5735478600785711,-0.1520391494761322,0.7630314684360957,-0.23766436946537134,1.1362540837239696,-0.007844312938151953,1
47,Retail,Other,44466,54259,55571,7782,24171,6465,0.43494532563026117,0.44154087493624233,0.3902727289147299,0.2579669885514347,1.0468195374740166,0.6355703661769262,2
48,Retail,Other,11519,6152,10868,584,5121,1476,0.13561872349870385,-0.13176945434573678,0.20654515531327836,-0.26001705669369063,0.8848206201740584,-0.06628411696761509,4
49,Retail,Other,4967,21412,28921,1798,13583,1163,0.8621295544651941,0.060572796128393974,0.7289714387313008,0.1158823681764615,1.1659077580747395,0.16553202774555256,1
50,HoReCa,Other,6269,1095,1980,3860,609,2162,-0.22105886892878052,-0.0708096016947914,-0.3430795910530942,-0.03597334791617275,-0.5820706110905142,-0.22619730411284547,0
51,HoReCa,Other,3347,4051,6996,239,1538,301,-0.07204337365610991,-0.24879079560415746,-0.18086905028942615,-0.3679504169323371,-0.028722944939419553,-0.7430876992955523,0
52,Retail,Other,40721,3916,5876,532,2587,1278,-0.052117528573165636,0.46849898312245913,0.20385521739136764,0.6261716702573179,-0.08674957266417116,0.8909028791210406,2
53,Retail,Other,491,10473,11532,744,5611,224,0.2789470212329291,-0.28101926518620585,0.4039493331332732,-0.44913213591233486,0.8740988275952079,-0.4758487853096408,4
54,HoReCa,Other,27329,1449,1947,2436,204,1333,-0.2452630725767851,0.28600811117081193,-0.16262992294600193,0.5367169722978511,-0.5661236177888779,0.6849596429801804,3
55,HoReCa,Other,5264,3683,5005,1057,2024,1130,-0.1037128665697349,-0.1997366429537304,-0.23365873481870775,-0.29885888350892176,-0.20194242985976463,-0.7210255982115942,0
56,Retail,Other,4098,29892,26866,2616,17740,1340,0.839197782127188,0.20429638087101054,0.5426398038264185,0.232774215014968,1.1345482302711056,0.20080584685527658,1
57,Retail,Other,5417,9933,10487,38,7572,1282,0.31854221346186695,-0.2207131181215311,0.47467771286356947,-0.3834965416127779,0.9906745830480064,-0.24104973627313708,4
58,HoReCa,Other,13779,1970,1648,596,227,436,-0.2501364703788845,-0.0351243708703212,-0.3782829305730568,0.03896555000533199,-0.6503694520222106,-0.10235035203594349,0
59,HoReCa,Other,6137,5360,8040,129,3084,1603,0.01896837189510491,-0.21248886497021374,-0.02202293375379299,-0.35734584140664943,0.37312130869020876,-0.6586893364667844,4
60,Retail,Other,8590,3045,7854,96,4095,225,-0.011511233389875515,-0.19275384966069053,-0.05983051989665636,-0.2986881440336672,0.17949326231368698,-0.5060044485503941,0
61,Retail,Other,35942,38369,59598,3254,26701,2017,0.510434508429316,0.44342187726216964,0.3929913970367595,0.25962039045666213,1.0963961681567715,0.5179666938410351,2
62,Retail,Other,7823,6245,6544,4154,4074,964,0.009010223963096885,-0.1133137786238184,-0.009699948119070934,-0.19621106885775375,0.3534299733656379,-0.30864959755664617,0
63,Retail,Other,9396,11601,15775,2896,7677,1295,0.4270871287557407,-0.10071273995323111,0.6401918706005623,-0.24099799892956272,1.1558068953920957,0.17863504925210555,1
64,HoReCa,Other,4760,1227,3250,3724,1247,1145,-0.19489949130152268,-0.12720400654956449,-0.3396877340483363,-0.13477912051815055,-0.5182627933852388,-0.432226661635537,0
65,Retail,Other,85,20959,45828,36,24231,1423,0.7539503554469698,0.310101387405539,0.4410358671167096,0.26167361959169927,1.148395738588308,0.13524693209006547,1
66,HoReCa,Other,9,1534,7417,175,3468,27,-0.02574085128643396,-0.297061742314875,-0.09322374084288956,-0.4130771376120028,0.10625886719030324,-0.7534036783570164,0
67,Retail,Other,19913,6759,13462,1256,5141,834,0.1625888075147995,0.028913676779728423,0.29240464167051367,0.00012687407189300266,0.7219711661891856,0.5778175984956199,4
68,HoReCa,Other,2446,7260,3993,5870,788,3095,-0.05972027434477809,-0.06749093294707534,-0.059970701169715944,-0.06292199893640728,-0.015172720740140196,-0.09582649452127674,0
69,HoReCa,Other,8352,2820,1293,779,656,144,-0.22172944681278345,-0.13367123031116152,-0.37944416017539295,-0.13546815859725833,-0.5404623323910835,-0.41775175158718963,0
70,HoReCa,Other,16705,2037,3202,10643,116,1365,-0.19297475357562927,0.2927414674822361,-0.05060659132237201,0.4810257519427724,-0.421447433656959,0.5814482961589553,3
71,HoReCa,Other,18291,1266,21042,5373,4173,14472,0.3614768718640648,0.39384453082997084,0.39925975518939516,0.2634750903712735,0.42844677839838086,0.5388427699211275,2
72,HoReCa,Other,4420,5139,2661,8872,1321,181,-0.1307165970681748,0.007139419616990559,-0.11135435138412864,0.09607355497591528,-0.23545139439705046,-0.0033438994733022294,0
73,Retail,Other,19899,5332,8713,8132,764,648,-0.09581084189636503,0.2452898771141959,0.000898716268901729,0.4094083190417787,-0.18846182834152447,0.8126110518976685,3
74,Retail,Other,8190,6343,9794,1285,1901,1780,0.01563501777126708,-0.1495706831106974,-0.01072082002816988,-0.2624405643679481,0.42509586397263827,-0.45365346639421944,4
75,HoReCa,Other,20398,1137,3,4407,3,975,-0.2927946967282026,0.19668796820086581,-0.29880197284489407,0.41653425249637877,-0.7545245986949449,0.47757790413847334,3
76,HoReCa,Other,717,3587,6532,7530,529,894,-0.1078183422764661,-0.08298364178919966,-0.12822467153058575,-0.04654708810697782,-0.16476232815659417,-0.21796638427731968,0
77,Retail,Other,12205,12697,28540,869,12034,1009,0.7513010200440415,0.012606672707023783,0.7923752448833198,0.007641589923586865,1.1206394962774138,0.24194671092944928,1
78,HoReCa,Other,10766,1175,2067,2096,301,167,-0.25743951117413966,-0.06207193703583338,-0.4098498165501624,-0.006883271270861604,-0.7004238678739123,-0.21788075684439467,0
79,HoReCa,Other,1640,3259,3655,868,1202,1653,-0.12795969270440205,-0.2297405109441161,-0.2610406538069764,-0.31847176755984946,-0.20982097097593022,-0.6871863036900916,0
80,HoReCa,Other,7005,829,3009,430,610,529,-0.2168706693463673,-0.15819009448044902,-0.3779155808867271,-0.17308419907797265,-0.5043193191568103,-0.48017273279404,0
81,Retail,Other,219,9540,14403,283,7818,156,0.3976279742424214,-0.2772839137719737,0.5725819154133495,-0.4145797417023824,0.9656659322700976,-0.3749778514272843,4
82,Retail,Other,10362,9232,11009,737,3537,2342,0.15562033900879216,-0.11935623137668713,0.2402263946635044,-0.2448420655760989,0.9380307119266688,0.022311778152917405,4
83,HoReCa,Other,20874,1563,1783,2320,550,772,-0.25765635832256,0.1398862532396066,-0.2961826933974488,0.33081418448807187,-0.6908481647038806,0.4260821525637061,3
84,Retail,Other,11867,3327,4814,1178,3837,120,-0.08603991357787,-0.11117096801091864,-0.16487728549520675,-0.1475219150071057,-0.15945036141570268,-0.27285492153587587,0
85,Retail,Other,16117,46197,92780,1026,40827,2944,0.37939781887327,0.42174766971447936,0.38833667368322805,0.2562637349561334,1.1496273046754097,0.33853108355049594,2
86,Retail,Other,22925,73498,32114,987,20070,903,0.4049039217136688,0.4209787594450961,0.38843674479929285,0.2563393057786996,0.9724824531993264,0.3833676285205041,2
87,HoReCa,Other,43265,5025,8117,6312,1579,14351,0.2789329798705151,0.5687683065439956,0.3948303497119399,0.28256357248171676,0.1771470297673002,0.8374567839151442,2
88,HoReCa,Other,7864,542,4042,9735,165,46,-0.20145112067562052,0.10140601877658682,-0.14163510995777095,0.24733068217591667,-0.4201080075104552,0.14159061626856811,3
89,HoReCa,Other,24904,3836,5330,3443,454,3178,-0.14695611533869815,0.2756174663879384,-0.05385762013279181,0.477943845472091,-0.32951050112621494,0.9016782884608265,3
90,HoReCa,Other,11405,596,1638,3347,69,360,-0.27865266258619475,-0.01390442942995226,-0.4136609279751091,0.079137953027406,-0.7648710686059704,-0.08585343388841228,0
91,HoReCa,Other,12754,2762,2530,8693,627,1117,-0.20459268240444747,0.15616091755812272,-0.17362761022052575,0.32250877373418224,-0.48746057038116886,0.39289849545876565,3
92,Retail,Other,9198,27472,32034,3232,18906,5130,0.8333454214028616,0.28111430149159844,0.5108182391595896,0.2552528225022174,1.1548350904369966,0.340368204008251,1
93,HoReCa,Other,11314,3090,2062,35009,71,2698,0.28243414174529197,0.5047582272413761,0.39003501513109645,0.26391317650154994,-0.04139922301103603,0.5324876653575953,2
94,Retail,Other,5626,12220,11323,206,5038,244,0.2720800867303913,-0.21677829672043736,0.40488126797222845,-0.3705245523594404,0.9028491020028356,-0.2678894435767469,4
95,HoReCa,Other,3,2920,6252,440,223,709,-0.11777952089035537,-0.2632076086518808,-0.24060060089851393,-0.3535239289116522,-0.15294248141700867,-0.7259523252920134,0
96,Retail,Other,23,2616,8118,145,3874,217,0.016819649058288342,-0.30385688812632944,-0.02889410348951756,-0.44301064413346514,0.23756369873419225,-0.7668978256775626,4
97,HoReCa,Other,403,254,610,774,54,63,-0.23290476518451567,-0.22000370434664152,-0.3641455518920079,-0.2287867466358154,-0.4384791894903251,-0.6101071903197052,0
98,HoReCa,Other,503,112,778,895,56,132,-0.2339612330142164,-0.2170458592512952,-0.3674269063091253,-0.22596087671538262,-0.44474297540301516,-0.6054946701786984,0
99,HoReCa,Other,9658,2182,1909,5639,215,323,-0.24763015220377602,0.00802070443284493,-0.34498254262196704,0.10798564535391848,-0.6720002351437817,-0.012278377094864389,3
100,Retail,Other,11594,7779,12144,3252,8035,3029,0.30962136809841057,-0.04358065723892945,0.48117083153627876,-0.14905364291346096,1.0212350486524615,0.3420047572090174,4
101,Retail,Other,1420,10810,16267,1593,6766,1838,0.4274073795582794,-0.22247803261972243,0.6231583558865987,-0.3777794219427701,1.1107038954484227,-0.19909247065607935,4
102,Retail,Other,2932,6459,7677,2561,4573,1386,0.08268564333822885,-0.22224091113867095,0.08900658922927446,-0.3847938536319638,0.6231288952200019,-0.6441470321122066,4
103,HoReCa,Other,56082,3504,8906,18028,1480,2498,0.15657822024412574,0.8031950337830323,0.4084907056239103,0.39607006738262607,-0.05579643972011057,1.0789826233293733,2
104,HoReCa,Other,14100,2132,3445,1336,1491,548,-0.20036291110339857,-0.036189503403974,-0.3249884778073256,0.01746040848612214,-0.6290412356346767,-0.05669671931893623,0
105,HoReCa,Other,15587,1014,3970,910,139,1378,-0.23225288752279616,0.011321915828107222,-0.3355261292554219,0.1088106263190948,-0.6500958512772907,0.09097042990690442,3
106,Retail,Other,1454,6337,10704,133,6830,1831,0.24678919189926996,-0.273317350321381,0.35597039869705754,-0.4454110428548866,0.8500377029836909,-0.47134984395956214,4
107,Retail,Other,8797,10646,14886,2471,8969,1438,0.44481873088107515,-0.11626432950307078,0.656957606131546,-0.2530671506188995,1.1328766118030587,0.12548255234789227,1
108,Retail,Other,1531,8397,6981,247,2505,1236,0.05376210243417167,-0.26654737047735344,0.03254596291349818,-0.42573239496644505,0.4199245156610687,-0.6923183687253207,4
109,Retail,Other,1406,16729,28986,673,836,3,0.504414063618313,-0.08404936871615248,0.5670440133693172,-0.02176429721600239,0.8466076744483276,-0.03293784358576668,1
110,HoReCa,Other,11818,1648,1694,2276,169,1647,-0.2506369133641355,-0.019802562050103084,-0.3856418282991105,0.05338208702174742,-0.7471941380562043,-0.052369005114890246,0
111,Retail,Other,12579,11114,17569,805,6457,1519,0.4075813766569819,-0.08602705042351383,0.61497128535163,-0.21542501511716755,1.1266111371117142,0.23324827708271617,4
112,HoReCa,Other,19046,2770,2469,8853,483,2708,-0.1877394602049745,0.3030277920803271,-0.06586962261253419,0.5015456168575971,-0.42732050342881744,0.7242482326350227,3
113,HoReCa,Other,14438,2295,1733,3220,585,1561,-0.24212101885311837,0.042591397967248076,-0.348911835794873,0.15647688408535798,-0.7945223177263411,0.1998376969486066,3
114,HoReCa,Other,18044,1080,2000,2555,118,1266,-0.26787320957996885,0.10016815048450897,-0.34114728761642227,0.26519406187565725,-0.7609371665114109,0.3218048939116358,3
115,HoReCa,Other,11134,793,2988,2715,276,610,-0.2529665448871017,-0.04011676688459732,-0.40102857546378284,0.025620159890378285,-0.7446736549222279,-0.1425020654685167,0
116,HoReCa,Other,11173,2521,3355,1517,310,222,-0.22265548165073967,-0.0764963456297631,-0.37284411644167365,-0.04533140277986462,-0.6432933308950816,-0.24302371160667083,0
117,HoReCa,Other,6990,3880,5380,1647,319,1160,-0.15390505247913783,-0.1443901526044851,-0.29763247344282584,-0.19250409541862662,-0.44558002428292764,-0.5152476244213479,0
118,HoReCa,Other,20049,1891,2362,5343,411,933,-0.2514490006307345,0.1992246421210071,-0.2559813286399121,0.413592240294695,-0.6971472467333839,0.5924811188205428,3
119,HoReCa,Other,8258,2344,2147,3896,266,635,-0.23827975472312687,-0.06193182328212486,-0.38485704625799516,-0.01704582005728248,-0.6973197868558397,-0.22874081434465532,0
120,HoReCa,Other,17160,1200,3412,2417,174,1136,-0.24937158427046657,0.07136644304221107,-0.33821595682393496,0.21355761823079422,-0.7517771197964335,0.2784161754866312,3
121,HoReCa,Other,4020,3234,1498,2395,264,255,-0.2138172427676867,-0.1640909180505692,-0.3725792335888265,-0.18563089819244324,-0.5004713871574354,-0.5266646762265582,0
122,HoReCa,Other,12212,201,245,1991,25,860,-0.29201822346858997,-0.016083334730064923,-0.4243548389161239,0.07877409271485136,-0.7554520510958851,-0.09267804919766004,0
123,Retail,Other,11170,10769,8814,2194,1976,143,0.05645790475706683,-0.08950180436705639,0.09054443614693221,-0.16089831311668926,0.4593130169470626,0.005875231508594856,4
124,HoReCa,Other,36050,1642,2961,4787,500,1621,-0.1845628932857459,0.5070191477599811,0.06833101231458331,0.7353255086402098,-0.3941619148470352,0.9411586573550249,2
125,HoReCa,Other,76237,3473,7102,16538,778,918,0.2260704099784062,0.7732284267090644,0.4068230009577626,0.3174255981544435,-0.09843482792804491,1.0934505656951086,2
126,HoReCa,Other,19219,1840,1658,8195,349,483,-0.24422224506263512,0.258980948584765,-0.16882061944967508,0.4750716088009591,-0.5803246006671853,0.5714711329502028,3
127,Retail,Other,21465,7243,10685,880,2386,2749,0.04992707875912424,0.10697728116052942,0.14505130547022552,0.15897498780264627,0.3682469583780527,0.7896823044663956,3
128,HoReCa,Other,140,8847,3823,142,1062,3,-0.033830672023199324,-0.2678394706343453,-0.09016179496558371,-0.36456277820425953,0.09424987307299906,-0.6576480425920517,0
129,HoReCa,Other,42312,926,1510,1718,410,1819,-0.15536621968086345,0.5523462486611446,0.16521177354728667,0.7019507615988392,-0.34441813859308545,0.8609681703287702,2
130,HoReCa,Other,7149,2428,699,6316,395,911,-0.23844093502111585,-0.0041765693770763005,-0.3181928187011849,0.0879120828346947,-0.5974332488235781,-0.059363164554183896,0
131,HoReCa,Other,2101,589,314,346,70,310,-0.23815291291009089,-0.20587931624902056,-0.3790241248745067,-0.2158708218497766,-0.4635785010345355,-0.5787137976395582,0
132,HoReCa,Other,14903,2032,2479,576,955,328,-0.22455448409449894,-0.02775006686845639,-0.3417193943007154,0.04547060965434439,-0.602138661056144,-0.04994119202087919,0
133,HoReCa,Other,9434,1042,1235,436,256,396,-0.252915847229952,-0.10894680371044527,-0.40600733912741116,-0.0804023943253725,-0.6026583826788329,-0.33901769288577105,0
134,HoReCa,Other,7388,1882,2174,720,47,537,-0.23177236419238947,-0.14091281591969862,-0.39634337074922665,-0.14462575969882968,-0.5606181849094809,-0.4407051920326436,0
135,HoReCa,Other,6300,1289,2591,1170,199,326,-0.2303398681292132,-0.1529564166054959,-0.39732774261838955,-0.16217998811174505,-0.5495345274104398,-0.48159721335343875,0
136,HoReCa,Other,4625,8579,7030,4575,2447,1542,0.025962105417591568,-0.12889709892575485,0.021893285183876038,-0.2159418420701765,0.37419446175195226,-0.2856755098802173,4
137,HoReCa,Other,3087,8080,8282,661,721,36,-0.006199399100456823,-0.23674357597234696,-0.05358515572264579,-0.3549901624963497,0.19258974877105142,-0.6077837322404097,0
138,HoReCa,Other,13537,4257,5034,155,249,3271,-0.12701414053323432,-0.01519458701333718,-0.1655363597796507,0.023426381250421038,-0.25045509731565213,0.12383531051663277,0
139,HoReCa,Other,5387,4979,3343,825,637,929,-0.1474129484665285,-0.18465047488707018,-0.290509907773114,-0.25377422418426626,-0.3261147138942428,-0.5968350946932292,0
140,HoReCa,Other,17623,4280,7305,2279,960,2616,-0.1081588547861677,0.0771457631879224,-0.12177803098212554,0.16569803317833562,-0.31234033212132184,0.6598433811338884,3
141,HoReCa,Other,30379,13252,5189,321,51,1450,0.002560092284410653,0.2918447484906808,0.18551001238519768,0.4062312882445625,0.08226444234570186,0.7478100019184146,2
142,HoReCa,Other,37036,7152,8253,2995,20,3,-0.0690397456513295,0.44901148658369006,0.16751582885839414,0.619805355010961,-0.11708384057119832,0.9194240321215172,2
143,HoReCa,Other,10405,1596,1096,8425,399,318,-0.24053099213518248,0.1076498297692538,-0.22829519526764738,0.26305044158218427,-0.5512430953970942,0.18826236614005257,3
144,HoReCa,Other,18827,3677,1988,118,516,201,-0.2181630329551311,0.04237819390488167,-0.2776535426398609,0.1640173097488729,-0.5274023981279824,0.17081981702675939,3
145,Retail,Other,22039,8384,34792,42,12591,4430,0.7117027383037544,0.19387878871745393,0.5947264081346474,0.17396911873125723,1.0061412291842275,0.4679103827562514,1
146,HoReCa,Other,7769,1936,2177,926,73,520,-0.2337139017403845,-0.13208689598313378,-0.399132483114763,-0.1311447630091997,-0.5816546601821159,-0.42031726182497303,0
147,HoReCa,Other,9203,3373,2707,1286,1082,526,-0.19093341223101998,-0.12071828488289409,-0.3467442842458107,-0.13486305936731838,-0.5551952561024334,-0.40906123967553476,0
148,HoReCa,Other,5924,584,542,4052,283,434,-0.26717161274886697,-0.08273382804647733,-0.40473963080473124,-0.031079289192234107,-0.6515588861577454,-0.3033717097682265,0
149,HoReCa,Other,31812,1433,1651,800,113,1440,-0.22105020598316705,0.3436132372550304,-0.05783684899296508,0.584411016109578,-0.45682913256239377,0.6874226156417557,3
150,HoReCa,Other,16225,1825,1765,853,170,1067,-0.2524748229185167,0.02369417593625977,-0.35464333942147697,0.13638816960781544,-0.6826989462934026,0.09682478078859465,3
151,HoReCa,Other,1289,3328,2022,531,255,1774,-0.16614121186693667,-0.21840630695376434,-0.29870115365415084,-0.2764353609553241,-0.2983612222081766,-0.6123160418221648,0
152,HoReCa,Other,18840,1371,3135,3001,352,184,-0.25496163600025146,0.1053161209545886,-0.3178863673926576,0.27404579426174486,-0.7130002608573718,0.33516691285487316,3
153,HoReCa,Other,3463,9250,2368,779,302,1627,-0.07408215189113887,-0.18583467393371245,-0.13675359207538207,-0.2549738860650583,-0.025303640345422873,-0.45704851608208297,0
154,HoReCa,Other,622,55,137,75,7,8,-0.23552678789376993,-0.22272353023917035,-0.3561379057955518,-0.22435907972860528,-0.4326545182258484,-0.6052285187176739,0
155,Retail,Other,1989,10690,19460,233,11577,2153,0.6394889877457909,-0.16295194535591587,0.7953616515078533,-0.20293077559309647,1.1168132100034918,-0.06545597653389103,1
156,Retail,Other,3830,5291,14855,317,6694,3182,0.30789003798209896,-0.20540384373949527,0.45369090634178943,-0.3406775411225529,0.9241181923173327,-0.193723363606322,4
157,HoReCa,Other,17773,1366,2474,3378,811,418,-0.2525200954393754,0.09301186653874799,-0.3282392887694635,0.25212089059479253,-0.7434035398348675,0.31874657066891754,3
158,Retail,Other,2861,6570,9618,930,4004,1682,0.11261349580263724,-0.2493853527708035,0.13432392884255737,-0.43194495745137645,0.7024510691760878,-0.6553976083360121,4
159,Retail,Other,355,7704,14682,398,8077,303,0.37885835549976415,-0.2784564843300868,0.5496668663183779,-0.4181542000132607,0.9403612623530491,-0.38563107995280327,4
160,Retail,Other,1725,3651,12822,824,4424,2157,0.1476346968697166,-0.25333478738485404,0.19940845321190762,-0.41234200288990897,0.6645231945565452,-0.5166508387141818,4
161,HoReCa,Other,12434,540,283,1092,3,2233,-0.26579511663630934,-0.010018494246887853,-0.3684526872469839,0.07720964736390647,-0.6581413302534364,-0.036135882066172284,0
162,HoReCa,Other,15177,2024,3810,2665,232,610,-0.2367457529698802,0.027001445018486947,-0.3504243069439398,0.13442713690519628,-0.7645751534462202,0.14325486061603507,3
163,Retail,Other,5531,15726,26870,2367,13726,446,0.8066400038840515,-0.004832837123560979,0.7894216944204885,0.02952064434900336,1.1388115485652066,0.13238532456810556,1
164,Retail,Other,5224,7603,8584,2540,3674,238,0.06698255464284122,-0.1994488646702345,0.06899318218503929,-0.34702569134458233,0.5650524447037402,-0.5729601728157917,4
165,Retail,Other,15615,12653,19858,4425,7108,2379,0.4804510142307674,0.061974977069528134,0.6729730253882951,-0.027874939387896945,1.0918751309052661,0.558444900523986,1
166,Retail,Other,4822,6721,9170,993,4973,3637,0.16477280010007325,-0.17567908802427237,0.2408931093481006,-0.30416519965974953,0.7468257192290534,-0.21471590804879362,4
167,HoReCa,Other,2926,3195,3268,405,1680,693,-0.13432419599706957,-0.23621918090716115,-0.2776570476752983,-0.32678668307864456,-0.2321299735056046,-0.7136260465230616,0
168,HoReCa,Other,5809,735,803,1393,79,429,-0.25807958985061785,-0.14237762458042,-0.42015757195594206,-0.1317391897218722,-0.5933602969486715,-0.4486858678876735,0
169,HoReCa,Other,5414,717,2155,2399,69,750,-0.24551399783294248,-0.13203815460964777,-0.4097722021297643,-0.1243456329277616,-0.6058119883148256,-0.4348359117001203,0
170,Retail,Other,260,8675,13430,1116,7015,323,0.33201864437865597,-0.27822349273626024,0.48723240523957484,-0.4421929823063667,0.937113642710604,-0.42375346809497827,4
171,Retail,Other,200,25862,19816,651,8773,6250,0.7167954260144817,0.0753240525739879,0.5923992699013434,0.1413922058211056,1.045856945782659,0.1564779994016739,1
172,HoReCa,Other,955,5479,6536,333,2840,707,-0.0003082343720727507,-0.2849428328158385,-0.06706054380402093,-0.4412158744111218,0.2287608517176684,-0.8132785112588339,4
173,Retail,Other,514,7677,19805,937,9836,716,0.5303875640612614,-0.2222449249860823,0.719096397995156,-0.2988829811507356,1.0334703102044016,-0.20155389960843742,1
174,HoReCa,Other,286,1208,5241,2515,153,1442,-0.16420114516672313,-0.2044126513069103,-0.29437067941207196,-0.25201412656183453,-0.31737100013397734,-0.5990677786968774,0
175,Retail,Other,2343,7845,11874,52,4196,1697,0.19479590574728886,-0.26496841759259704,0.2723417023751189,-0.4521558669606516,0.839493122778924,-0.5293644010361324,4
176,HoReCa,Other,45640,6958,6536,7368,1532,230,-0.012224069855355412,0.6653760494521537,0.31021350416733257,0.6763598296580616,-0.08879035061261178,1.059112767282737,2
177,HoReCa,Other,12759,7330,4533,1752,20,2631,-0.11110270207353098,-0.009576683723272889,-0.1527981096632401,0.01670080442563206,-0.2532668779704941,0.1892885154456858,0
178,HoReCa,Other,11002,7075,4945,1152,120,395,-0.1281500019295185,-0.09204722134103198,-0.22195267167867225,-0.1077535319588196,-0.31031924120271,-0.21530961733714626,0
179,HoReCa,Other,3157,4888,2500,4477,273,2165,-0.15604027237869325,-0.10731700483740692,-0.24829625537478112,-0.11197676401885304,-0.3471762952873325,-0.31255534553378794,0
180,HoReCa,Other,12356,6036,8887,402,1382,2794,-0.013528877204285516,-0.06627437269605772,-0.021888134689832483,-0.10398787050332269,0.19686770367664477,0.0847987300315938,0
181,HoReCa,Other,112151,29627,18148,16745,4948,8550,0.3676451124685798,0.46955585956141965,0.3883146155637447,0.2563015650100966,0.3152045436812065,1.1439804016893553,2
182,HoReCa,Other,694,8533,10518,443,6907,156,0.2707932661618256,-0.28938467213915464,0.39159309287403915,-0.4528884260766423,0.831182488280943,-0.49936795757735414,4
183,HoReCa,Other,36847,43950,20170,36534,239,47943,0.3635000239512352,0.40865691298175616,0.38819980351389755,0.2561385684770067,0.4167311489295662,0.6588168363489146,2
184,HoReCa,Other,327,918,4710,74,334,11,-0.1650996911223405,-0.25727356081465413,-0.29400532869663076,-0.31049338726027975,-0.2718517589101312,-0.686296765763993,0
185,HoReCa,Other,8170,6448,1139,2181,58,247,-0.18948926806678912,-0.10382623035757779,-0.31322988744451863,-0.10348108526814355,-0.47208190976916264,-0.31290677059323996,0
186,HoReCa,Other,3009,521,854,3470,949,727,-0.23318718614510892,-0.14479592672657354,-0.3772729060775655,-0.1369834209203619,-0.5315603461492007,-0.4634337143399055,0
187,HoReCa,Other,2438,8002,9819,6269,3459,3,0.0908143780883392,-0.13892524000274023,0.1387758240803869,-0.20776928757393712,0.45100536556444254,-0.22498697399627565,4
188,Retail,Other,8040,7639,11687,2758,6839,404,0.23545319743553647,-0.15789627860476443,0.3673561639173329,-0.3094173373507576,0.9625526445008296,-0.10460441039474011,4
189,Retail,Other,834,11577,11522,275,4027,1856,0.26252902594849287,-0.25645942536223365,0.37704365907527965,-0.41853810931107843,0.8890651223597426,-0.4080620337312876,4
190,HoReCa,Other,16936,6250,1981,7332,118,64,-0.19492780487327083,0.18270712944252243,-0.15615954702350873,0.35354819235948814,-0.47093069997703485,0.5091314064620935,3
191,HoReCa,Other,13624,295,1381,890,43,84,-0.2779698978024317,-0.025999576335082663,-0.3988728143339677,0.0662309584674065,-0.6786307136761253,-0.10904454061333148,0
192,HoReCa,Other,5509,1461,2251,547,187,409,-0.22396608339484816,-0.17343459102411218,-0.3873001394851868,-0.193182988641789,-0.49940555829453975,-0.5229350079881545,0
193,Retail,Other,180,3485,20292,959,5618,666,0.31915049168491705,-0.25403667282035075,0.4618749665084131,-0.3536692578954008,0.796853643409999,-0.3468597933351009,4
194,HoReCa,Other,7107,1012,2974,806,355,1142,-0.22010328401624868,-0.14134859788744,-0.3821057367307255,-0.15120207483643053,-0.543963878324704,-0.44070651756441553,0
195,HoReCa,Other,17023,5139,5230,7888,330,1755,-0.14924270730598652,0.21238532372835553,-0.09205758470871372,0.3844595108821904,-0.3678536931275425,0.7252004611811521,3
196,HoReCa,Lisbon,30624,7209,4897,18711,763,2876,0.06741089288962551,0.6497674610215589,0.36235038581581136,0.4739395532648167,-0.05452997962374785,0.8890435523339489,2
197,Retail,Lisbon,2427,7097,10391,1127,4314,1468,0.1465979361582094,-0.25531820769165064,0.19270487994514834,-0.4451111012762356,0.7896697995948211,-0.6198985665561716,4
198,HoReCa,Lisbon,11686,2154,6824,3527,592,697,-0.17747312105084428,-0.030477332764541246,-0.2911484181274306,0.013393887601179927,-0.6570585793602716,-0.026543350787018014,0
199,HoReCa,Lisbon,9670,2280,2112,520,402,347,-0.22678160587402466,-0.11466591401770247,-0.38251706935634344,-0.10321657793792122,-0.5709611760597477,-0.3553995446716466,0
200,Retail,Lisbon,3067,13240,23127,3941,9959,731,0.6560647942148065,-0.09819954167922432,0.8048675789894459,-0.1416709838022662,1.1243899280392244,0.06766620308663218,1
201,Retail,Lisbon,4484,14399,24708,3549,14235,1681,0.7902020014329165,-0.005465274952808719,0.7933232157910505,0.015636247345397224,1.1428327809286285,0.1543941542202256,1
202,HoReCa,Lisbon,25203,11487,9490,5065,284,6854,0.13117425288386508,0.3783724475550895,0.3334078602460834,0.38375452776533586,0.2763648341115682,0.8531833378937859,2
203,HoReCa,Lisbon,583,685,2216,469,954,18,-0.18960388027528238,-0.24472495914901568,-0.32765898664681825,-0.2862859796563111,-0.3390089662318434,-0.6694526312313409,0
204,HoReCa,Lisbon,1956,891,5226,1383,5,1328,-0.176702162076795,-0.20429487747827385,-0.31921519557220657,-0.25324108243643817,-0.35561628681630725,-0.5964675471590706,0
205,Retail,Lisbon,1107,11711,23596,955,9265,710,0.6368037832465031,-0.17489388291795516,0.8036887181868518,-0.21859328560352734,1.1128785402030446,-0.0941205243090154,1
206,HoReCa,Lisbon,6373,780,950,878,288,285,-0.2508171616002276,-0.1478462032982209,-0.41125855734377564,-0.1410578293190265,-0.568121818358183,-0.4553509207811657,0
207,Retail,Lisbon,2541,4737,6089,2946,5316,120,0.03931653051608337,-0.22894654481612522,0.023148151430315074,-0.35602550561722124,0.337434167358888,-0.5994123402658549,4
208,HoReCa,Lisbon,1537,3748,5838,1859,3381,806,-0.0353202763447021,-0.25149289375535694,-0.1217465193914658,-0.38682960313280185,0.09936613299069627,-0.7978317747787167,0
209,Retail,Lisbon,5550,12729,16767,864,12420,797,0.6287061557789341,-0.12690607688885308,0.7807516033216425,-0.16776342743272818,1.0912672020760856,0.009986998548040098,1
210,HoReCa,Lisbon,18567,1895,1393,1801,244,2100,-0.24740802025030484,0.10617569359258268,-0.2984211934513089,0.26438603715793696,-0.6723250657573946,0.36605701731772894,3
211,Retail,Lisbon,12119,28326,39694,4736,19410,2870,0.8134590296018909,0.32315211051202797,0.48259727913377176,0.2648276994777209,1.1532353989880133,0.369233789969751,1
212,HoReCa,Lisbon,7291,1012,2062,1291,240,1775,-0.23030932651001387,-0.11449940928285886,-0.3817971574398352,-0.10602971176216881,-0.579675994885128,-0.35505374665471684,0
213,HoReCa,Lisbon,3317,6602,6861,1329,3961,1215,0.0513155286087,-0.24009633925895396,0.02826683948738867,-0.40695309325779255,0.49020536013560373,-0.7425799292589751,4
214,Retail,Lisbon,2362,6551,11364,913,5957,791,0.21014693402337492,-0.26907187938476146,0.30181727917151563,-0.45702849965917314,0.8383233378532866,-0.5298286645421152,4
215,HoReCa,Lisbon,2806,10765,15538,1374,5828,2388,0.3816848851152033,-0.20554207437417682,0.5637770712241386,-0.3665393497305287,1.1064190909578606,-0.1619321010840461,4
216,Retail,Lisbon,2532,16599,36486,179,13308,674,0.8561084992483575,0.05222827613303876,0.6823226381255021,0.13431704338982806,1.1390239408813911,0.08457074232392031,1
217,HoReCa,Lisbon,18044,1475,2046,2532,130,1158,-0.26385809805066057,0.09666441858546801,-0.33987444202615863,0.25891046964570497,-0.7611033417644154,0.3229265974243891,3
218,Retail,Lisbon,18,7504,15205,1285,4797,6372,0.3394978092684614,-0.10882807819046093,0.4555484000265644,-0.11542313405861275,0.7544789819835666,-0.023527539845811223,4
219,HoReCa,Lisbon,4155,367,1390,2306,86,130,-0.2534755685540704,-0.1514832937593128,-0.4088252220131948,-0.14165412140723352,-0.5687787150694906,-0.4771726389665566,0
220,HoReCa,Lisbon,14755,899,1382,1765,56,749,-0.2767425037014059,0.01595841447028833,-0.39606144530802523,0.12925247831097766,-0.7545718019342871,0.032732446395004534,3
221,HoReCa,Lisbon,5396,7503,10646,91,4167,239,0.13497633118692004,-0.24371904378909579,0.17945869742049309,-0.4166085424586754,0.6946544564301756,-0.5369351169322311,4
222,HoReCa,Lisbon,5041,1115,2856,7496,256,375,-0.21916716088579605,-0.009502840222790505,-0.25952944149282636,0.08869134592252093,-0.4859959657148856,-0.09218928480720526,0
223,Retail,Lisbon,2790,2527,5265,5612,788,1360,-0.14883092347965313,-0.10717682624373676,-0.23836644143967842,-0.10266885470444786,-0.33173152398805916,-0.32248919050991176,0
224,HoReCa,Lisbon,7274,659,1499,784,70,659,-0.25209512065947687,-0.1324288042017965,-0.4134148462125059,-0.12003576570669264,-0.5923610281414085,-0.4125901257632007,0
225,HoReCa,Lisbon,12680,3243,4157,660,761,786,-0.18490138785660265,-0.07056030982307775,-0.31532341493376126,-0.04944383464138664,-0.5605334727136599,-0.17841157776212818,0
226,Retail,Lisbon,20782,5921,9212,1759,2568,1553,-0.017664161633951726,0.08915896704604483,0.02631257987909899,0.15858092995298417,0.1329273441343161,0.8571781391372225,3
227,HoReCa,Lisbon,4042,2204,1563,2286,263,689,-0.2240959869021971,-0.160093849828223,-0.38887099456202306,-0.17749864315925784,-0.5354552008010547,-0.5179441841464487,0
228,HoReCa,Lisbon,1869,577,572,950,4762,203,-0.10826694391873226,-0.2350512714863668,-0.18754732195781845,-0.2809367591673476,-0.13055924098222316,-0.5950191424120793,0
229,HoReCa,Lisbon,8656,2746,2501,6845,694,980,-0.20936404605279255,0.02530165443415499,-0.27129754197651973,0.12621155630681707,-0.5514546450562792,0.07100006138114942,3
230,Retail,Lisbon,11072,5989,5615,8321,955,2137,-0.09528798953706165,0.11527784208406386,-0.05263029424140283,0.22245097841538927,-0.17683637187318324,0.47331255924312243,3
231,HoReCa,Lisbon,2344,10678,3828,1439,1566,490,0.0004315997442411473,-0.21642910247601202,-0.027734641124454014,-0.3157789262453547,0.20444983482959217,-0.5163374815235818,0
232,HoReCa,Lisbon,25962,1780,3838,638,284,834,-0.21724635198137157,0.20516503872184483,-0.1697426431881702,0.419913833906008,-0.4846921608987144,0.5482666357857148,3
233,HoReCa,Lisbon,964,4984,3316,937,409,7,-0.1372071925425612,-0.244615444962953,-0.2656646833330079,-0.3221433667152868,-0.21456853452728383,-0.6918409452999182,0
234,HoReCa,Lisbon,15603,2703,3833,4260,325,2563,-0.20226601695483853,0.10410553981973944,-0.24753433848759815,0.2396208200758695,-0.6453219304917316,0.49109209389249087,3
235,HoReCa,Lisbon,1838,6380,2824,1218,1216,295,-0.10479777992141295,-0.23508092567515185,-0.21978412290426347,-0.32866618642636236,-0.12927279600797545,-0.6864091903181624,0
236,HoReCa,Lisbon,8635,820,3047,2312,415,225,-0.2411834839527406,-0.09719148895924658,-0.4016818557092002,-0.07035311448754614,-0.6499483625951311,-0.3305803694247074,0
237,HoReCa,Lisbon,18692,3838,593,4634,28,1215,-0.2535214961550784,0.16468705383714005,-0.2796832469653379,0.3564207338802707,-0.7201730603772531,0.5185874330461433,3
238,HoReCa,Lisbon,7363,475,585,1112,72,216,-0.26822071849723755,-0.12321350190511857,-0.42396326490680075,-0.09599618829119433,-0.6168923602685787,-0.3924343569117411,0
239,HoReCa,Lisbon,47493,2567,3779,5243,828,2253,-0.07489993624000185,0.6917984917141017,0.28575716089535247,0.7247260329217595,-0.22763899089195655,1.03722931284182,2
240,HoReCa,Lisbon,22096,3575,7041,11422,343,2564,-0.09655656209695243,0.4139073234701744,0.11831277831945745,0.5631274838825193,-0.19764709288583973,0.8477095787685672,2
241,HoReCa,Lisbon,24929,1801,2475,2216,412,1047,-0.24072680404119579,0.22328476328883892,-0.20941675695844164,0.45349309088956025,-0.5898035570727483,0.6153098951874885,3
242,HoReCa,Lisbon,18226,659,2914,3752,586,578,-0.2598053949756528,0.1159914773805833,-0.32208380312903606,0.2907315942700843,-0.7459744003815222,0.367714769604116,3
243,HoReCa,Lisbon,11210,3576,5119,561,1682,2398,-0.11391795702827524,-0.08591592468385303,-0.20226047870216737,-0.10490391868740492,-0.28450848774106857,-0.16244516540307238,0
244,HoReCa,Lisbon,6202,7775,10817,1183,3143,1970,0.11604982453065808,-0.1868720922789444,0.1552159436674894,-0.3456917103759868,0.8385841247557092,-0.41766669097654674,4
245,Retail,Lisbon,3062,6154,13916,230,8933,2784,0.385721106508685,-0.21349561113975796,0.5547240543368978,-0.3343174832850532,0.9707709367600966,-0.1887147657624041,4
246,HoReCa,Lisbon,8885,2428,1777,1777,430,610,-0.23338442306079674,-0.10114801745682744,-0.3980661456347269,-0.08572401575893168,-0.6531311468261456,-0.34421112680290034,0
247,HoReCa,Lisbon,13569,346,489,2077,44,659,-0.29212930975384965,0.005872884301030772,-0.4156248975924333,0.1162752089809869,-0.7656861347274511,-0.025927220475877227,3
248,HoReCa,Lisbon,15671,5279,2406,559,562,572,-0.18796245932947742,-0.011793906755094882,-0.2780181716597751,0.054716752520473366,-0.5078678605800042,0.0578736540930679,0
249,HoReCa,Lisbon,8040,3795,2070,6340,918,291,-0.19967920725742683,-0.010505601861656265,-0.2759581816272658,0.06616679216806409,-0.5182810145462845,-0.038358261678485675,0
250,HoReCa,Lisbon,3191,1993,1799,1730,234,710,-0.21723979245403607,-0.18274045867299693,-0.3813460649723931,-0.21236965236679228,-0.4879973032344807,-0.567902275859826,0
251,Retail,Lisbon,6134,23133,33586,6746,18594,5121,0.830006394468337,0.26823747719131397,0.5198331683050441,0.24797078281091534,1.137994708359249,0.3465214480089537,1
252,HoReCa,Lisbon,6623,1860,4740,7683,205,1693,-0.1820553439102337,0.029107134434792986,-0.20505854327691653,0.12854263416523407,-0.41948263842380146,0.07855046373109709,3
253,HoReCa,Lisbon,29526,7961,16966,432,363,1391,0.09650551028986736,0.2514661871783413,0.26757382476596464,0.3361674851206959,0.3036705562843532,0.7772690762746227,2
254,HoReCa,Lisbon,10379,17972,4748,4686,1547,3265,0.16648378516561302,0.06514447286924464,0.30414469640837694,0.06877205850171812,0.4767447516241111,0.35692272338623404,4
255,HoReCa,Lisbon,31614,489,1495,3242,111,615,-0.2487631282975674,0.3828872751120293,-0.07754402837794996,0.6389873371305024,-0.5390075322532066,0.7302206284829811,3
256,HoReCa,Lisbon,11092,5008,5249,453,392,373,-0.1480130920587278,-0.10851954825063097,-0.26543364349645,-0.12555097644843302,-0.3821959536749007,-0.2988959726288305,0
257,HoReCa,Lisbon,8475,1931,1883,5004,3593,987,-0.15160110888114564,-0.05272089605939235,-0.23480802141093116,-0.02282673695305068,-0.4021457427263104,-0.1180000805673199,0
258,HoReCa,Lisbon,56083,4563,2124,6422,730,3321,0.01592294214143037,0.7920464475253446,0.377582911199386,0.6033152012679042,-0.16287045559414387,1.0778692468338573,2
259,HoReCa,Lisbon,53205,4959,7336,3012,967,818,0.00859211307172209,0.6899072611194249,0.34571099029226227,0.6348102604496019,-0.0935274407950697,1.0035735458937043,2
260,HoReCa,Lisbon,9193,4885,2157,327,780,548,-0.17501645528973953,-0.13373546784703105,-0.31325973081917363,-0.1572580815848319,-0.4288243156662755,-0.4023399908508338,0
261,HoReCa,Lisbon,7858,1110,1094,6818,49,287,-0.2593318965094051,0.021451303557652318,-0.3164571115187118,0.13895899411569163,-0.6155703943926605,-0.024079885697913497,3
262,HoReCa,Lisbon,23257,1372,1677,982,429,655,-0.25279737806639363,0.16061169656690288,-0.2515977612993461,0.36231280968627005,-0.5983790011843199,0.42043529453578626,3
263,HoReCa,Lisbon,2153,1115,6684,4324,2894,411,-0.09119585063146984,-0.18090200901926232,-0.17696451432544832,-0.23478670625453052,-0.12708378818833876,-0.5301142301345837,0
264,Retail,Lisbon,1073,9679,15445,61,5980,1265,0.3636232006422541,-0.2683733115033208,0.5323016278035855,-0.4363336224073185,1.016586382883896,-0.36168290664803576,4
265,HoReCa,Lisbon,5909,23527,13699,10155,830,3636,0.37676238844303855,0.18900622860792213,0.4585752361317073,0.19049822353758156,0.6307447859594298,0.4034678491899798,1
266,Retail,Lisbon,572,9763,22182,2221,4882,2563,0.4536467014091364,-0.1790335085371561,0.6284571456252734,-0.2732383381151283,1.032255484990611,-0.09417391606309829,1
267,HoReCa,Lisbon,20893,1222,2576,3975,737,3628,-0.2013306773089445,0.22574576772580618,-0.1426028778126145,0.41260811072179104,-0.48173480393655244,0.666911717437744,3
268,Retail,Lisbon,11908,8053,19847,1069,6374,698,0.3808731816574877,-0.10466589587401087,0.5784450537863964,-0.22551686473226368,1.029451973164325,0.151403039995706,4
269,HoReCa,Lisbon,15218,258,1138,2516,333,204,-0.28619130164488793,0.03549594803465346,-0.39190390584979834,0.166416406987092,-0.7561135833037497,0.06445335715384234,3
270,HoReCa,Lisbon,4720,1032,975,5500,197,56,-0.2527421217887199,-0.06744491847335062,-0.3532410162812305,-0.00024768199894957977,-0.580896149544083,-0.26085672095642976,0
271,HoReCa,Lisbon,2083,5007,1563,1120,147,1550,-0.16106185054423922,-0.201185000425627,-0.29186345514992057,-0.25930734529743626,-0.3029874184893324,-0.5831046167839666,0
272,HoReCa,Lisbon,514,8323,6869,529,93,1040,-0.02091695480257963,-0.2504867579959294,-0.0750510303348718,-0.3612560683776748,0.14454654241797965,-0.6306363917792027,0
273,HoReCa,Other,36817,3045,1493,4802,210,1824,-0.18181605963288486,0.5275787081911959,0.08797605088462906,0.7434248092950699,-0.38953911206474423,0.9510026125502622,2
274,HoReCa,Other,894,1703,1841,744,759,1153,-0.1845615521303371,-0.22923174292788315,-0.3314489770302174,-0.2828912742087827,-0.3473214114824395,-0.6526842234280256,0
275,HoReCa,Other,680,1610,223,862,96,379,-0.2235061343560141,-0.2189439205512572,-0.364989471029801,-0.24151561398627788,-0.4276257044152234,-0.615821529551626,0
276,HoReCa,Other,27901,3749,6964,4479,603,2503,-0.13106881685454044,0.3444768180383282,0.002320041323092847,0.5687935392483445,-0.27814177815229024,1.0188084618607574,3
277,HoReCa,Other,9061,829,683,16919,621,139,-0.08611236102747627,0.3401887550077726,0.21012588820810724,0.4013316305936518,-0.26296602278913495,0.3519491992013878,2
278,HoReCa,Other,11693,2317,2543,5845,274,1409,-0.2334911521118209,0.0596752523912209,-0.3087662004369276,0.18282713006551407,-0.6946218480416086,0.20768777142722114,3
279,Retail,Other,17360,6200,9694,1293,3620,1721,0.04175071173301396,0.0030825465268452907,0.08769572443434602,-0.01057692636542057,0.511650603950931,0.6241113802738133,4
280,HoReCa,Other,3366,2884,2431,977,167,1104,-0.19223329218759994,-0.1947558659383319,-0.350608691119966,-0.2437261366928722,-0.41714753591023107,-0.5939857504811052,0
281,Retail,Other,12238,7108,6235,1093,2328,2079,-0.026758960517263217,-0.07469248958370725,-0.05739476711404846,-0.12375528535901485,0.14876709501423827,-0.0005987060623448596,0
282,HoReCa,Other,49063,3965,4252,5970,1041,1404,-0.05034227866152024,0.7108117529413718,0.3100757868144621,0.7090390097921295,-0.19098477493697166,1.0502408553035445,2
283,HoReCa,Other,25767,3613,2013,10303,314,1384,-0.17831066955599914,0.4459480493320308,0.04305287994316277,0.638126006660372,-0.3919033206707441,0.8441473015641752,2
284,HoReCa,Other,68951,4411,12609,8692,751,2406,0.1706284779828743,0.8158332850370147,0.41581643774824006,0.41934271639885207,-0.006435035133445013,1.1186139335740113,2
285,HoReCa,Other,40254,640,3600,1042,436,18,-0.16235503681326913,0.4782728247750975,0.12254054305859262,0.6534871681387451,-0.34215309625155876,0.762094676421941,2
286,HoReCa,Other,7149,2247,1242,1619,1226,128,-0.21699720397392572,-0.14176398290435246,-0.3791868289388991,-0.15095520233777981,-0.542252326498125,-0.4601521917206645,0
287,HoReCa,Other,15354,2102,2828,8366,386,1027,-0.2222047981897286,0.19447408020090123,-0.18366779502095704,0.38315128280789834,-0.5443392089972954,0.4857570250253533,3
288,HoReCa,Other,16260,594,1296,848,445,258,-0.26971735898250004,0.018137456492363143,-0.3677216908530889,0.1375746402549969,-0.672720686223988,0.03384249186013119,3
289,HoReCa,Other,42786,286,471,1388,32,22,-0.1768338048819246,0.533373908742308,0.15619673224980737,0.6652264783225915,-0.4018633823409292,0.7597791913283868,2
290,HoReCa,Other,2708,2160,2642,502,965,1522,-0.1677451911829054,-0.213736326618761,-0.31437281119316196,-0.27668021412335075,-0.32726792130869753,-0.626745110226587,0
291,HoReCa,Other,6022,3354,3261,2507,212,686,-0.19905243932422403,-0.13687575596888762,-0.359984337858455,-0.1584302918467531,-0.552807219738601,-0.4785700603728728,0
292,HoReCa,Other,2838,3086,4329,3838,825,1060,-0.15777421654656487,-0.15828546933385396,-0.29135796234887823,-0.19747291026306887,-0.3813325141405524,-0.5336908398558241,0
293,Retail,Porto,3996,11103,12469,902,5952,741,0.31319089574790987,-0.23038663942512094,0.46868302155199054,-0.4059621299294045,1.017277692765248,-0.2886652144028589,4
294,HoReCa,Porto,21273,2013,6550,909,811,1854,-0.16324645923546202,0.11494615682325297,-0.171831447378785,0.2610187369928707,-0.4105438885939984,0.5322166581846707,3
295,Retail,Porto,7588,1897,5234,417,2208,254,-0.13272251008506727,-0.18105950690071348,-0.2655332180845534,-0.24361557196200984,-0.28159408849951134,-0.5610662160377986,0
296,HoReCa,Porto,19087,1304,3643,3045,710,898,-0.2375943582349352,0.1143606568467927,-0.2977061343440608,0.28338407975035884,-0.7170561951229482,0.43607659113991754,3
297,Retail,Porto,8090,3199,6986,1455,3712,531,-0.043377775164801936,-0.17226808714924194,-0.1197189903707573,-0.27190417315344784,0.040525948349615835,-0.5972135704297663,0
298,Retail,Porto,6758,4560,9965,934,4538,1037,0.07704175629416808,-0.20700925513711915,0.08449477145517553,-0.3635272222293551,0.6179558520240052,-0.5633892876545619,4
299,HoReCa,Porto,444,879,2060,264,290,259,-0.20158531498320936,-0.2404916059734818,-0.34051565146630625,-0.27633210770595773,-0.36543614221168197,-0.6564912695521129,0
300,Retail,Porto,16448,6243,6360,824,2662,2005,-0.039363753304274794,-0.005113522089986145,-0.04893722121611385,0.005602303737201994,0.05146394560857528,0.42153571797928313,0
301,Retail,Porto,5283,13316,20399,1809,8752,172,0.5790341532858287,-0.14393768725749884,0.7742541865913961,-0.22886520228985444,1.1150820869527953,0.007464273120126686,1
302,Retail,Porto,2886,5302,9785,364,6236,555,0.1664076413489732,-0.27334495757592114,0.22920252886323775,-0.44612648405195343,0.6900687112541437,-0.5665517051464755,4
303,Retail,Porto,2599,3688,13829,492,10069,59,0.35160309487107905,-0.23784265677637353,0.5055816040427815,-0.31714119225155485,0.796191278776171,-0.29629776733810864,4
304,Retail,Porto,161,7460,24773,617,11783,2410,0.6687072642792734,-0.138748119127666,0.7710914221737645,-0.12696710773182276,1.073675626858005,-0.06364079831886944,1
305,Retail,Porto,243,12939,8852,799,3909,211,0.21826387042750767,-0.26277220843582744,0.3083983987722224,-0.39589606573380426,0.7158428849490933,-0.4597803580071118,4
306,Retail,Porto,6468,12867,21570,1840,7558,1543,0.5645409041779113,-0.12090643751188858,0.7711669007366835,-0.2258387219517158,1.1623273507654825,0.0942142045151954,1
307,HoReCa,Porto,17327,2374,2842,1149,351,925,-0.23326113550231586,0.041309243411090525,-0.3252010888394003,0.1610767736408488,-0.6690218084401478,0.19385213849782645,3
308,HoReCa,Porto,6987,1020,3007,416,257,656,-0.22207588999240838,-0.1540607228165286,-0.3836519768974653,-0.16584414087348323,-0.5189455135166295,-0.4681537889877291,0
309,Retail,Porto,918,20655,13567,1465,6846,806,0.5352702947458294,-0.13998191605745272,0.6578228765045802,-0.15539718300181218,0.9931804792692728,-0.06913694644049578,1
310,HoReCa,Porto,7034,1492,2405,12569,299,1117,-0.155273442462632,0.1945017414848252,0.013134526972498376,0.34162278620623926,-0.31282217485942204,0.2608908564633643,3
311,HoReCa,Porto,29635,2335,8280,3046,371,117,-0.1546119630546555,0.3107305646049768,-0.026466623166376213,0.5344281621502377,-0.3192085451193836,0.7930297003694691,3
312,Retail,Porto,2137,3737,19172,1274,17120,142,0.6186335502083526,-0.06927034384793997,0.6284253283921181,0.021661103812011688,0.890916040785894,-0.06144189611358539,1
313,HoReCa,Porto,9784,925,2405,4447,183,297,-0.26034992490795084,-0.020772647746030465,-0.38714258286651804,0.06367529788611771,-0.719233135607081,-0.10429377089029797,0
314,HoReCa,Porto,10617,1795,7647,1483,857,1233,-0.14530141935987273,-0.09283980528286523,-0.2629924498388876,-0.10391546870091731,-0.45691106544875787,-0.2589037719585424,0
315,Retail,Porto,1479,14982,11924,662,3891,3508,0.3478431174449145,-0.17293756257529816,0.4880789733433575,-0.2580640104320358,0.904353517785138,-0.12062724542745394,4
316,HoReCa,Porto,7127,1375,2201,2679,83,1059,-0.2433468505487404,-0.09934065783465322,-0.4056801222934797,-0.07842738547810953,-0.6652328940847252,-0.344334130773848,0
317,HoReCa,Porto,1182,3088,6114,978,821,1637,-0.10298523411300096,-0.2373453905054449,-0.22253630869097005,-0.33670881684519705,-0.12875578170180307,-0.701726970719414,0
318,HoReCa,Porto,11800,2713,3558,2121,706,51,-0.21333318630860185,-0.06014828083650685,-0.3551299042207885,-0.021145899997862476,-0.6562242638040711,-0.18436871672425384,0
319,Retail,Porto,9759,25071,17645,1128,12408,1625,0.7535925665023767,0.06315038772687971,0.686045315137829,0.09283643838493354,1.0905597610204625,0.23459112355072181,1
320,HoReCa,Porto,1774,3696,2280,514,275,834,-0.170352080305563,-0.2280447489677219,-0.3169738128583718,-0.2934003819114114,-0.316689629865048,-0.6583294268157116,0
321,HoReCa,Porto,9155,1897,5167,2714,228,1113,-0.20152632115768995,-0.07965234275778094,-0.3489666910238811,-0.06420395700677461,-0.6645996830197575,-0.26849998397662656,0
322,HoReCa,Porto,15881,713,3315,3703,1470,229,-0.23318000239818026,0.05392024043637436,-0.32180550498710847,0.18181153108831621,-0.7022815062179572,0.21324857286927587,3
323,HoReCa,Porto,13360,944,11593,915,1679,573,-0.07328093748826993,-0.07195789340045054,-0.11449573525942257,-0.07588106418664496,-0.0882273246949966,-0.04220982699340039,0
324,HoReCa,Porto,25977,3587,2464,2369,140,1092,-0.2224024671211047,0.24904878991606733,-0.16799625744857177,0.48351785361965194,-0.5344033333590471,0.697817610265849,3
325,HoReCa,Porto,32717,16784,13626,60869,1272,5609,0.36459019807913073,0.41493467881416385,0.38821363720034047,0.256151576312537,0.15258131188846072,0.7078871237963968,2
326,HoReCa,Porto,4414,1610,1431,3498,387,834,-0.23449658589541172,-0.12475898490557194,-0.38766982117228577,-0.11475102100598665,-0.5836677842019983,-0.42067820389073285,0
327,HoReCa,Porto,542,899,1664,414,88,522,-0.21108325797687408,-0.23122363325937761,-0.3525005197035216,-0.2626248329156094,-0.3932001199473716,-0.6382144645970456,0
328,HoReCa,Porto,16933,2209,3389,7849,210,1534,-0.21882625346388454,0.21598610305253482,-0.17826682983800377,0.4141475681662991,-0.5558661750866387,0.5895725940776334,3
329,HoReCa,Porto,5113,1486,4583,5127,492,739,-0.19770345548665985,-0.08680090593463231,-0.3150778218436829,-0.05942992699149705,-0.5118131843150717,-0.28813415230066275,0
330,HoReCa,Porto,9790,1786,5109,3570,182,1043,-0.20995105498045216,-0.04792364260347191,-0.3462565480743135,-0.006124969332524893,-0.7049492664130245,-0.14609796263354194,0
331,Retail,Porto,11223,14881,26839,1234,9606,1102,0.7093013264215736,-0.01439946510285394,0.8114916021945136,-0.04732877797920935,1.1417085513173943,0.2424809754547241,1
332,HoReCa,Porto,22321,3216,1447,2208,178,2602,-0.22150674849108307,0.19822074710933305,-0.19694973649114708,0.3953305714103321,-0.5528001364520122,0.6188578310834184,3
333,Retail,Porto,8565,4980,67298,131,38102,1215,0.4345876597401558,0.4132301485123283,0.3887308292712926,0.2565075719670838,1.01095217483062,0.20874710170997618,2
334,Retail,Porto,16823,928,2743,11559,332,3486,-0.1532660055967148,0.35296432852813225,0.05847674886963299,0.49762071970375055,-0.328074497899602,0.6292655661978215,3
335,Retail,Porto,27082,6817,10790,1365,4111,2139,0.0827896156483976,0.20653038932207343,0.22646667636699402,0.2964668954567906,0.3804475443330468,0.9367443168209796,2
336,HoReCa,Porto,13970,1511,1330,650,146,778,-0.2595470027233207,-0.02315257049573427,-0.3851180685845057,0.06064276791315526,-0.6757321934083567,-0.07042865977860012,0
337,HoReCa,Porto,9351,1347,2611,8170,442,868,-0.22310835608242685,0.08271573353678437,-0.2309358248345689,0.2230440030452061,-0.5256453398500697,0.16855655593988697,3
338,HoReCa,Porto,3,333,7021,15601,15,550,-0.042648852062405464,0.19429419554461097,0.1936950655996829,0.3019846574081555,-0.13315520956455165,0.14959856387358428,3
339,HoReCa,Porto,2617,1188,5332,9584,573,1942,-0.13524471098953203,0.03422643070514793,-0.0812511958372918,0.14198250994142486,-0.24255610284942714,0.03697099597884289,3
340,Retail,Other,381,4025,9670,388,7271,1371,0.1999356450539056,-0.28581404366955626,0.2815520239746898,-0.43480922678834755,0.6835234980278403,-0.5356175479966188,4
341,Retail,Other,2320,5763,11238,767,5162,2158,0.1804159137833914,-0.2521467390316623,0.2519722701018449,-0.4315313230212327,0.8115240249334547,-0.507845632056841,4
342,HoReCa,Other,255,5758,5923,349,4595,1328,0.06482961898328377,-0.2906541961382125,0.04779688442611911,-0.4542277552473974,0.42595726079243745,-0.7410227377666557,4
343,Retail,Other,1689,6964,26316,1456,15469,37,0.7204378928782573,-0.06025902454876111,0.7106863091188892,0.016683836766824688,1.0142972919430708,-0.023234001140344823,1
344,HoReCa,Other,3043,1172,1763,2234,217,379,-0.23127723076462617,-0.17379797132994532,-0.39145292946116733,-0.18733016747696263,-0.5159748690215462,-0.5402129782351112,0
345,HoReCa,Other,1198,2602,8335,402,3843,303,0.011831305698776592,-0.2874563862536065,-0.03792452266030572,-0.4301218194563326,0.2355566862685771,-0.7538589361967504,4
346,Retail,Other,2771,6939,15541,2693,6600,1115,0.31550939873228706,-0.21734369693859082,0.4772997971870034,-0.3846133998469816,1.0079491095698643,-0.25208941459646883,4
347,Retail,Other,27380,7184,12311,2809,4621,1022,0.11292368716223762,0.22004214305385392,0.26964101011946845,0.2971316979045258,0.43991204420197244,0.9591966048387215,2
348,HoReCa,Other,3428,2380,2028,1341,1184,665,-0.18540037617904642,-0.2009778872099775,-0.3471054757388596,-0.2551537707311462,-0.40727702945518357,-0.6286880278834234,0
349,Retail,Other,5981,14641,20521,2005,12218,445,0.6971090129336225,-0.08095061886260345,0.8156262449953635,-0.10382320730434307,1.1250459185179411,0.08568602617229065,1
350,HoReCa,Other,3521,1099,1997,1796,173,995,-0.22670304883375017,-0.17066416003644821,-0.3894495307066876,-0.18965674252110934,-0.5170752112349336,-0.5307460752970893,0
351,Retail,Other,1210,10044,22294,1741,12638,3137,0.6967538631524289,-0.1004965001826137,0.7882255899770106,-0.09914293818875572,1.115665632834077,0.02347413217575726,1
352,HoReCa,Other,608,1106,1533,830,90,195,-0.21533889444792187,-0.2265527768486438,-0.3584682901761756,-0.2546646052070808,-0.4082866441435441,-0.6339544220161564,0
353,Retail,Other,117,6264,21203,228,8682,1111,0.49859869740797824,-0.23574899172616315,0.6804823620864882,-0.3121845546185819,0.999430773237111,-0.23760612367762932,1
354,HoReCa,Other,14039,7393,2548,6386,1333,2341,-0.1164844938703777,0.11964865198322179,-0.09579877000369437,0.22809127582024838,-0.27827981681197567,0.5849161609969535,3
355,HoReCa,Other,190,727,2012,245,184,127,-0.20470530458821146,-0.24163169892364106,-0.3391591988127159,-0.27216542416243195,-0.3680530150619625,-0.6546279942664647,0
356,HoReCa,Other,22686,134,218,3157,9,548,-0.29834694233404524,0.2080325550642782,-0.2825655132400366,0.4358126022955085,-0.719045171132775,0.4538181340566088,3
357,Retail,Other,37,1275,22272,137,6747,110,0.3545879320407819,-0.23998484505965686,0.493194776485345,-0.26890923463838684,0.7352268027722353,-0.31707422478162167,4
358,HoReCa,Other,759,18664,1660,6114,536,4100,0.15654320903615074,0.023031590593101663,0.2946331806778434,0.06927533795348975,0.3566824859020044,0.10082361553947614,4
359,HoReCa,Other,796,5878,2109,340,232,776,-0.1329606253286293,-0.2425130538283208,-0.25164922962872954,-0.31836424535185226,-0.19135297809949117,-0.663246487961191,0
360,HoReCa,Other,19746,2872,2006,2601,468,503,-0.24482218319743154,0.11719966731881964,-0.29892420326808267,0.28973782995101666,-0.694908151324775,0.4048427167193008,3
361,HoReCa,Other,4734,607,864,1206,159,405,-0.25088768148101886,-0.1619779261324955,-0.41096631138835626,-0.16140010176652875,-0.5543035346198822,-0.49497754712462266,0
362,HoReCa,Other,2121,1601,2453,560,179,712,-0.20132654112062096,-0.21752360343857507,-0.3562311510982199,-0.26181677614454557,-0.3997542605357342,-0.6264557320452169,0
363,HoReCa,Other,4627,997,4438,191,1335,314,-0.1658258489753145,-0.2126176755262845,-0.31394273424687075,-0.2708110225835605,-0.3281900525519339,-0.6200164649343598,0
364,HoReCa,Other,2615,873,1524,1103,514,468,-0.22116861589845524,-0.2008144626560749,-0.3791471801830554,-0.2280871946370245,-0.4594658284257088,-0.5910420733727749,0
365,Retail,Other,4692,6128,8025,1619,4515,3105,0.10384642388422036,-0.18056635179978273,0.13875935027324304,-0.3148640049784173,0.6521952462450774,-0.3376221753347247,4
366,HoReCa,Other,9561,2217,1664,1173,222,447,-0.2413805831133604,-0.09945236072314181,-0.4018851901578189,-0.07648267368046999,-0.6356023470953595,-0.3243201528089331,0
367,HoReCa,Other,3477,894,534,1457,252,342,-0.24495628931886318,-0.17565701226944155,-0.40228438204330474,-0.18177651816688156,-0.526816005137954,-0.5306154986099322,0
368,HoReCa,Other,22335,1196,2406,2046,101,558,-0.26229270064300175,0.1644231229794446,-0.27603089989377244,0.370498807976762,-0.6601864363766893,0.44686772987376644,3
369,HoReCa,Other,6211,337,683,1089,41,296,-0.2641235769423087,-0.13981941873624848,-0.42090446453275976,-0.12224306156304528,-0.5935250425258286,-0.43548468349735486,0
370,Retail,Other,39679,3944,4955,1364,523,2235,-0.10419518720877366,0.4989644538562852,0.16505220495803014,0.6779861840154184,-0.20316323983239354,0.9260991686237972,2
371,HoReCa,Other,20105,1887,1939,8164,716,790,-0.23148907758335677,0.2745334149034347,-0.1495369157080775,0.49479231720170425,-0.5541130588192148,0.6389593069170736,3
372,HoReCa,Other,3884,3801,1641,876,397,4829,-0.10402458920967368,-0.09573213829606306,-0.09603323231453277,-0.07813667478542873,-0.12174898497729192,-0.1771738740765199,0
373,Retail,Other,15076,6257,7398,1504,1916,3113,-0.026517235940760314,0.010514707447553735,-0.01641843844824099,0.022376105791714312,0.11867552358515182,0.4760758663534389,0
374,HoReCa,Other,6338,2256,1668,1492,311,686,-0.22755536629915643,-0.1438931560026404,-0.39672681154188555,-0.1548425526895042,-0.5721769877713145,-0.46968594038964095,0
375,HoReCa,Other,5841,1450,1162,597,476,70,-0.2329427474645346,-0.16784005930577753,-0.3918964469038711,-0.17693156129936707,-0.511195469512076,-0.5034719702684689,0
376,Retail,Other,3136,8630,13586,5641,4666,1426,0.2281237284473778,-0.13609702096711995,0.34950771023157334,-0.2520420315434836,0.8756532066049272,-0.07314671425666255,4
377,HoReCa,Other,38793,3154,2648,1034,96,1242,-0.15871156422774108,0.47213332570686417,0.10566190847121648,0.6733698564176088,-0.321317775308532,0.8279596517900468,2
378,HoReCa,Other,3225,3294,1902,282,68,1114,-0.18883372708592688,-0.20452818566012038,-0.3388598796612378,-0.2541063370250807,-0.37910846144000165,-0.5934955578846273,0
379,Retail,Other,4048,5164,10391,130,813,179,-0.01915198626818646,-0.23759825603683377,-0.07879826909289189,-0.35491791988244425,0.1489772949293839,-0.6221153874050604,0
380,HoReCa,Other,28257,944,2146,3881,600,270,-0.24655932845959963,0.3200836008749904,-0.13699014414873478,0.5755076782882418,-0.5598441406748549,0.6994683187226173,3
381,HoReCa,Other,17770,4591,1617,9927,246,532,-0.19286126956536231,0.28021173595252574,-0.06713238007907169,0.47008593451387415,-0.42418341814872595,0.5878263142571643,3
382,HoReCa,Other,34454,7435,8469,2540,1711,2893,-0.00035462101168186924,0.4172712797188433,0.21063447237005187,0.5755025593158931,0.0677186000818613,1.054302692554341,2
383,HoReCa,Other,1821,1364,3450,4006,397,361,-0.202352124127669,-0.16016425430075545,-0.3374181001843758,-0.1676581757915989,-0.44802715794485887,-0.5034970290018209,0
384,HoReCa,Other,10683,21858,15400,3635,282,5120,0.3887285656759158,0.12935120685985863,0.4887169240956614,0.12965451064297667,0.7151098117570305,0.4082085070402826,1
385,HoReCa,Other,11635,922,1614,2583,192,1068,-0.2668428870093281,-0.022300344100478067,-0.40970794527305004,0.057696919041735545,-0.7717294534576529,-0.08743854792198127,0
386,HoReCa,Other,1206,3620,2857,1945,353,967,-0.1675456644371026,-0.2124925251801036,-0.3149684378133805,-0.27570438485508364,-0.33719127200621024,-0.6513574174553881,0
387,HoReCa,Other,20918,1916,1573,1960,231,961,-0.25963348503716827,0.13864112939106027,-0.296680448571069,0.3281900653322785,-0.6863766449919851,0.417251867243912,3
388,HoReCa,Other,9785,848,1172,1677,200,406,-0.2672654873750734,-0.07865764864936964,-0.4241081905369759,-0.03081011194968626,-0.6881551904798365,-0.27137199382656363,0
389,HoReCa,Other,9385,1530,1422,3019,227,684,-0.25955224450579417,-0.05769760981620327,-0.41417835701237693,-0.0032910108538856124,-0.7359648920774762,-0.21595663839870805,0
390,HoReCa,Other,3352,1181,1328,5502,311,1000,-0.23358002662256477,-0.08173153816033202,-0.3368588745555419,-0.031155696287069382,-0.5396332180177547,-0.28743272781143453,0
391,HoReCa,Other,2647,2761,2313,907,95,1827,-0.18373908989993137,-0.19254093431079747,-0.32558099849537037,-0.2383196337266043,-0.37450977037299266,-0.5610965457884846,0
392,HoReCa,Other,518,4180,3600,659,122,654,-0.14503146980021508,-0.24714367746884738,-0.2803743022093573,-0.32615622301770625,-0.23522376613866713,-0.7004494644655949,0
393,HoReCa,Other,23632,6730,3842,8620,385,819,-0.14304554903210975,0.3481289884423567,0.006362195861557677,0.5473971267024296,-0.3069923447825505,0.8598834246874962,3
394,HoReCa,Other,12377,865,3204,1398,149,452,-0.24945670618685725,-0.047227396451186454,-0.39223103036499546,0.016214233975294423,-0.6862633784373942,-0.14884096821185264,0
395,HoReCa,Other,9602,1316,1263,2921,841,290,-0.2519455925291298,-0.0657259199564701,-0.4046742119688711,-0.015727406373495782,-0.7004706802166852,-0.23813950670497686,0
396,Retail,Other,4515,11991,9345,2644,3378,2213,0.1858413877948004,-0.15861812629212269,0.27857302109049115,-0.29246061188066264,0.8477254553506058,-0.16147521459395373,4
397,HoReCa,Other,11535,1666,1428,6838,64,743,-0.2583212358607977,0.08531887123880379,-0.3034758342533531,0.23343160979656116,-0.6657485126168421,0.1873543479194495,3
398,HoReCa,Other,11442,1032,582,5390,74,247,-0.2832593683100664,0.041954366058312834,-0.36976519974018773,0.17245255305489735,-0.7348507557246619,0.04966179824948595,3
399,HoReCa,Other,9612,577,935,1601,469,375,-0.265786330832935,-0.08418250958407841,-0.42174119327619075,-0.03883115167181063,-0.6732966923213077,-0.28622455116984097,0
400,HoReCa,Other,4446,906,1238,3576,153,1014,-0.24847833741303116,-0.11365179405268962,-0.39611243991687756,-0.0902063312628371,-0.6058255316683692,-0.3839056429373953,0
401,HoReCa,Other,27167,2801,2128,13223,92,1902,-0.13117741602129832,0.5403795886460943,0.17457468938502818,0.6272201390406889,-0.32000430175832506,0.8385421348222316,2
402,HoReCa,Other,26539,4753,5091,220,10,340,-0.1669013681519402,0.19746462512064455,-0.09906984551421998,0.39006507913917854,-0.3367409664094063,0.5709911012063275,3
403,HoReCa,Other,25606,11006,4604,127,632,288,-0.05050123902244528,0.17270163628229004,0.06014181656138734,0.29469100599901255,-0.010234511526488839,0.5751302867974158,3
404,HoReCa,Other,18073,4613,3444,4324,914,715,-0.1931510883271995,0.11598649782314885,-0.23743370181957454,0.2656861368195503,-0.6548229529763289,0.5727894385723392,3
405,HoReCa,Other,6884,1046,1167,2069,593,378,-0.2482778222564355,-0.12317680161017584,-0.41375784992502757,-0.10906607830590277,-0.6209689456012392,-0.4091018369683172,0
406,HoReCa,Other,25066,5010,5026,9806,1092,960,-0.1240550849123643,0.4001916415875522,0.06187866382762075,0.5906116900872384,-0.257765382746975,0.8996625578054164,2
407,Retail,Other,7362,12844,18683,2854,7883,553,0.5077540033498026,-0.1180112738948933,0.7199105183608593,-0.23564849967225227,1.1270125626033616,0.09898631155950911,1
408,Retail,Other,8257,3880,6407,1646,2730,344,-0.07857903856147783,-0.1609849312543933,-0.18099420214199155,-0.24517635919769107,-0.15426790927305598,-0.6223734374386751,0
409,HoReCa,Other,8708,3634,6100,2349,2123,5137,-0.01917889999051519,-0.019376730431737696,0.02385317957238134,-0.007948580461507298,0.10220396051105173,0.13858366860079915,0
410,HoReCa,Other,6633,2096,4563,1389,1860,1892,-0.1373208513109084,-0.15325677207665767,-0.26899681154682914,-0.20864455808521862,-0.3522852930779528,-0.513219106380676,0
411,HoReCa,Other,2126,3289,3281,1535,235,4365,-0.10490902634567216,-0.1275747669229942,-0.12527673868063807,-0.1303668294500456,-0.12302079499900885,-0.26837522430293775,0
412,HoReCa,Other,97,3605,12400,98,2970,62,0.07816278360284405,-0.300998086474386,0.07833261518829791,-0.44322788482866277,0.3973492161821379,-0.6907510512278516,4
413,HoReCa,Other,4983,4859,6633,17866,912,2435,0.04719671254706699,0.32466579913080995,0.29063366990350875,0.3621936975453446,0.006968068385102939,0.39470420832738573,2
414,HoReCa,Other,5969,1990,3417,5679,1135,290,-0.19610677335953824,-0.06691528397389097,-0.29993353952547347,-0.02380764363759263,-0.5012355105234052,-0.22369364195556357,0
415,Retail,Other,7842,6046,8552,1691,3540,1874,0.04331233167573811,-0.15740129295009872,0.033069132500233626,-0.2882393510508847,0.6795503417737889,-0.5639105878835688,4
416,Retail,Other,4389,10940,10908,848,6728,993,0.3109423238826088,-0.22436963960255937,0.464742479724515,-0.3963302091577826,1.0109946545944557,-0.26935423510777795,4
417,HoReCa,Other,5065,5499,11055,364,3485,1063,0.08765106802057927,-0.23630042931632592,0.0956120394995305,-0.40651974520335726,0.6126212294604699,-0.6264396437730327,4
418,Retail,Other,660,8494,18622,133,6740,776,0.4230334524293382,-0.2628086537798905,0.6089350123452217,-0.39796275978466056,1.008723398414934,-0.3142118745526114,4
419,HoReCa,Other,8861,3783,2223,633,1580,1521,-0.16187984203147032,-0.12947736951423527,-0.29862500809452974,-0.1607359582231597,-0.43285523880727667,-0.4066323697655428,0
420,HoReCa,Other,4456,5266,13227,25,6818,1393,0.25796906308212564,-0.24380774121759421,0.3841667956115905,-0.412763745586485,0.887342110764883,-0.3590959151677762,4
421,Retail,Other,17063,4847,9053,1031,3415,1784,0.0016174629729838893,-0.004076629829447994,0.018961285286999908,-0.00531617381636383,0.27625352788110497,0.5065622216036406,0
422,HoReCa,Other,26400,1377,4172,830,948,1218,-0.20010797464874336,0.21662558308213173,-0.1443280524915826,0.43216526907687064,-0.4446824981858614,0.6097190358212853,3
423,Retail,Other,17565,3686,4657,1059,1803,668,-0.15448601944923668,0.016238242183736148,-0.22555447447787677,0.09352752154802453,-0.47601326870379435,0.24945458491055653,3
424,Retail,Other,16980,2884,12232,874,3213,249,0.006299819377040615,-0.027232789551561026,0.032003061769347835,-0.028720903979686293,0.2106927261975555,0.23408484318175057,0
425,HoReCa,Other,11243,2408,2593,15348,108,1886,-0.09635990283512488,0.34583818200283584,0.16668175154602496,0.44034127840431053,-0.23602367238563254,0.4647932907298594,2
426,HoReCa,Other,13134,9347,14316,3141,5079,1894,0.251013557191609,-0.037229269675179776,0.4101264208195107,-0.1459469453694214,1.1326647452832,0.4523412923440142,4
427,HoReCa,Other,31012,16687,5429,15082,439,1163,0.12202406858356601,0.577030750610183,0.36663279646318975,0.4480885615710109,0.11121969611923428,0.8918099341426834,2
428,HoReCa,Other,3047,5970,4910,2198,850,317,-0.1037810927558228,-0.20570768185419122,-0.22118615048718107,-0.2955028615234891,-0.16333406622073904,-0.6639662017023685,0
429,HoReCa,Other,8607,1750,3580,47,84,2501,-0.18834991134197462,-0.1079211193860748,-0.30181343750354744,-0.10453488914605853,-0.4240949937786321,-0.2736723663265644,0
430,HoReCa,Other,3097,4230,16483,575,241,2080,0.085276654945962,-0.19777713136131195,0.1214606351171816,-0.28085612808732136,0.4063120651166312,-0.32934342078613293,4
431,HoReCa,Other,8533,5506,5160,13486,1377,1498,-0.04340566466643038,0.22949936100175122,0.13621791448230247,0.34849163003368466,-0.0663201419149472,0.40828089733118245,3
432,HoReCa,Other,21117,1162,4754,269,1328,395,-0.19545798396817116,0.08073893519409371,-0.2240988221409447,0.225102631623964,-0.46220087552767547,0.3097716914226627,3
433,HoReCa,Other,1982,3218,1493,1541,356,1449,-0.1871200243287452,-0.19648554508860158,-0.3348631616928786,-0.2439740158750392,-0.38938286254154186,-0.5905524722844293,0
434,HoReCa,Other,16731,3922,7994,688,2371,838,-0.0753208605033546,-0.020250845636680927,-0.1137220783599681,0.002012780866036696,-0.1422984501163959,0.2306426540945405,0
435,HoReCa,Other,29703,12051,16027,13135,182,2204,0.16096475542242983,0.5338406283087378,0.3761623314298119,0.46677890877174066,0.251199647074305,0.9703442636368789,2
436,HoReCa,Other,39228,1431,764,4510,93,2346,-0.18093219629665294,0.5704327940055632,0.13023102137034723,0.7451105238303103,-0.40017040878599125,0.9319810019193497,2
437,Retail,Other,14531,15488,30243,437,14841,1867,0.8306305443109373,0.10440986153886901,0.7207467524010436,0.12240010136051505,1.1354324092019192,0.3062525759811331,1
438,HoReCa,Other,10290,1981,2232,1038,168,2125,-0.22127780312942913,-0.06688277753073305,-0.35200360771234834,-0.03390882762428428,-0.5946608317701935,-0.1799082157149275,0
439,HoReCa,Other,2787,1698,2510,65,477,52,-0.1947531896591522,-0.22490006492358583,-0.3434271702891227,-0.2682870154449536,-0.37028872632114623,-0.6312233940849091,0
